{"child_paths": {"_fwd_grouped_kernel_stage1_n16x4_prefetch_k_paged_64.source": "/root/.triton/cache/KPLPKCBNRORXFRM54VEYTKZUSDEW73ATGICEKRLRON2DZME2TRQA/_fwd_grouped_kernel_stage1_n16x4_prefetch_k_paged_64.source", "_fwd_grouped_kernel_stage1_n16x4_prefetch_k_paged_64.ttgir": "/root/.triton/cache/KPLPKCBNRORXFRM54VEYTKZUSDEW73ATGICEKRLRON2DZME2TRQA/_fwd_grouped_kernel_stage1_n16x4_prefetch_k_paged_64.ttgir", "_fwd_grouped_kernel_stage1_n16x4_prefetch_k_paged_64.llir": "/root/.triton/cache/KPLPKCBNRORXFRM54VEYTKZUSDEW73ATGICEKRLRON2DZME2TRQA/_fwd_grouped_kernel_stage1_n16x4_prefetch_k_paged_64.llir", "_fwd_grouped_kernel_stage1_n16x4_prefetch_k_paged_64.amdgcn": "/root/.triton/cache/KPLPKCBNRORXFRM54VEYTKZUSDEW73ATGICEKRLRON2DZME2TRQA/_fwd_grouped_kernel_stage1_n16x4_prefetch_k_paged_64.amdgcn", "_fwd_grouped_kernel_stage1_n16x4_prefetch_k_paged_64.hsaco": "/root/.triton/cache/KPLPKCBNRORXFRM54VEYTKZUSDEW73ATGICEKRLRON2DZME2TRQA/_fwd_grouped_kernel_stage1_n16x4_prefetch_k_paged_64.hsaco", "_fwd_grouped_kernel_stage1_n16x4_prefetch_k_paged_64.json": "/root/.triton/cache/KPLPKCBNRORXFRM54VEYTKZUSDEW73ATGICEKRLRON2DZME2TRQA/_fwd_grouped_kernel_stage1_n16x4_prefetch_k_paged_64.json"}}