{"hash": "53d6f5082d8ba372c59de54989ab3490c96fec13320445457173743cb09a9c60", "target": {"backend": "hip", "arch": "gfx942", "warp_size": 64}, "num_warps": 4, "waves_per_eu": 2, "num_stages": 1, "num_ctas": 1, "extern_libs": [["ocml", "/data/zanzhang/code/triton/python/triton/backends/amd/lib/ocml.bc"], ["ockl", "/data/zanzhang/code/triton/python/triton/backends/amd/lib/ockl.bc"]], "cluster_dims": [1, 1, 1], "debug": false, "sanitize_overflow": true, "arch": "gfx942", "supported_fp8_dtypes": ["fp8e4b8", "fp8e4nv", "fp8e5", "fp8e5b16"], "deprecated_fp8_dot_operand_dtypes": [], "default_dot_input_precision": "ieee", "allowed_dot_input_precisions": ["ieee", "tf32"], "enable_fp_fusion": true, "launch_cooperative_grid": false, "matrix_instr_nonkdim": 16, "kpack": 2, "allow_flush_denorm": false, "max_num_imprecise_acc_default": 0, "backend_name": "hip", "instrumentation_mode": "", "schedule_hint": "none", "warp_size": 64, "triton_version": "3.5.0", "shared": 38144, "profile_scratch_size": 0, "profile_scratch_align": 1, "name": "_fwd_grouped_kernel_stage1_n16x4_prefetch_k_paged_64"}