gfx,cu_num,M,N,K,libtype,kernelId,splitK,us,kernelName,tflops,bw,errRatio
gfx950,256,1,768,7168,ck,8,0,23.0552,a8w8_blockscale_1x128x128_256x16x64x256_16x16_16x16_1x1_16x16x1_16x16x1_1x16x1x16_4_1x1_intrawave_v1,0.48,239.15,0.0
gfx950,256,2,768,7168,ck,8,0,22.8288,a8w8_blockscale_1x128x128_256x16x64x256_16x16_16x16_1x1_16x16x1_16x16x1_1x16x1x16_4_1x1_intrawave_v1,0.96,241.91,0.0
gfx950,256,4,768,7168,ck,8,0,22.9204,a8w8_blockscale_1x128x128_256x16x64x256_16x16_16x16_1x1_16x16x1_16x16x1_1x16x1x16_4_1x1_intrawave_v1,1.92,241.7,0.0
gfx950,256,8,768,7168,ck,8,0,23.0749,a8w8_blockscale_1x128x128_256x16x64x256_16x16_16x16_1x1_16x16x1_16x16x1_1x16x1x16_4_1x1_intrawave_v1,3.82,241.59,0.0
gfx950,256,16,768,7168,ck,8,0,21.849,a8w8_blockscale_1x128x128_256x16x64x256_16x16_16x16_1x1_16x16x1_16x16x1_1x16x1x16_4_1x1_intrawave_v1,8.06,258.33,0.0
gfx950,256,32,768,7168,ck,8,0,22.3732,a8w8_blockscale_1x128x128_256x16x64x256_16x16_16x16_1x1_16x16x1_16x16x1_1x16x1x16_4_1x1_intrawave_v1,15.75,258.5,0.0
gfx950,256,48,768,7168,ck,8,0,21.9747,a8w8_blockscale_1x128x128_256x16x64x256_16x16_16x16_1x1_16x16x1_16x16x1_1x16x1x16_4_1x1_intrawave_v1,24.05,269.53,0.0
gfx950,256,64,768,7168,ck,8,0,22.1512,a8w8_blockscale_1x128x128_256x16x64x256_16x16_16x16_1x1_16x16x1_16x16x1_1x16x1x16_4_1x1_intrawave_v1,31.81,273.67,0.0
gfx950,256,80,768,7168,ck,8,0,21.8966,a8w8_blockscale_1x128x128_256x16x64x256_16x16_16x16_1x1_16x16x1_16x16x1_1x16x1x16_4_1x1_intrawave_v1,40.23,283.21,0.0
gfx950,256,96,768,7168,ck,8,0,22.0233,a8w8_blockscale_1x128x128_256x16x64x256_16x16_16x16_1x1_16x16x1_16x16x1_1x16x1x16_4_1x1_intrawave_v1,47.99,287.9,0.0
gfx950,256,112,768,7168,ck,8,0,21.829,a8w8_blockscale_1x128x128_256x16x64x256_16x16_16x16_1x1_16x16x1_16x16x1_1x16x1x16_4_1x1_intrawave_v1,56.49,296.85,0.0
gfx950,256,128,768,7168,ck,8,0,21.858,a8w8_blockscale_1x128x128_256x16x64x256_16x16_16x16_1x1_16x16x1_16x16x1_1x16x1x16_4_1x1_intrawave_v1,64.47,302.82,0.0
gfx950,256,144,768,7168,ck,8,0,22.0432,a8w8_blockscale_1x128x128_256x16x64x256_16x16_16x16_1x1_16x16x1_16x16x1_1x16x1x16_4_1x1_intrawave_v1,71.92,306.6,0.0
gfx950,256,160,768,7168,ck,8,0,21.9465,a8w8_blockscale_1x128x128_256x16x64x256_16x16_16x16_1x1_16x16x1_16x16x1_1x16x1x16_4_1x1_intrawave_v1,80.27,314.29,0.0
gfx950,256,176,768,7168,ck,8,0,21.96,a8w8_blockscale_1x128x128_256x16x64x256_16x16_16x16_1x1_16x16x1_16x16x1_1x16x1x16_4_1x1_intrawave_v1,88.24,320.44,0.0
gfx950,256,192,768,7168,ck,8,0,22.0991,a8w8_blockscale_1x128x128_256x16x64x256_16x16_16x16_1x1_16x16x1_16x16x1_1x16x1x16_4_1x1_intrawave_v1,95.66,324.73,0.0
gfx950,256,208,768,7168,ck,8,0,21.9459,a8w8_blockscale_1x128x128_256x16x64x256_16x16_16x16_1x1_16x16x1_16x16x1_1x16x1x16_4_1x1_intrawave_v1,104.35,333.34,0.0
gfx950,256,224,768,7168,ck,8,0,22.1259,a8w8_blockscale_1x128x128_256x16x64x256_16x16_16x16_1x1_16x16x1_16x16x1_1x16x1x16_4_1x1_intrawave_v1,111.46,336.92,0.0
gfx950,256,240,768,7168,ck,8,0,22.3339,a8w8_blockscale_1x128x128_256x16x64x256_16x16_16x16_1x1_16x16x1_16x16x1_1x16x1x16_4_1x1_intrawave_v1,118.31,340.02,0.0
gfx950,256,256,768,7168,ck,8,0,22.1818,a8w8_blockscale_1x128x128_256x16x64x256_16x16_16x16_1x1_16x16x1_16x16x1_1x16x1x16_4_1x1_intrawave_v1,127.07,348.63,0.0
gfx950,256,288,768,7168,ck,8,0,22.1902,a8w8_blockscale_1x128x128_256x16x64x256_16x16_16x16_1x1_16x16x1_16x16x1_1x16x1x16_4_1x1_intrawave_v1,142.9,361.05,0.0
gfx950,256,320,768,7168,ck,8,0,22.5695,a8w8_blockscale_1x128x128_256x16x64x256_16x16_16x16_1x1_16x16x1_16x16x1_1x16x1x16_4_1x1_intrawave_v1,156.11,367.32,0.0
gfx950,256,352,768,7168,ck,7,0,28.2907,a8w8_blockscale_1x128x128_256x16x128x256_16x16_16x16_1x2_16x16x1_16x16x1_1x16x1x16_8_1x2_intrawave_v1,136.99,302.89,0.0
gfx950,256,384,768,7168,ck,18,0,27.7271,a8w8_blockscale_1x128x128_256x64x64x256_16x16_32x32_1x1_16x16x1_16x16x1_1x32x1x8_8_1x1_intrawave_v1,152.48,319.09,0.0
gfx950,256,416,768,7168,ck,13,0,28.4687,a8w8_blockscale_1x128x128_256x32x64x256_16x16_16x16_2x1_16x16x1_16x16x1_1x32x1x8_8_2x1_intrawave_v1,160.88,320.56,0.0
gfx950,256,448,768,7168,ck,18,0,27.6439,a8w8_blockscale_1x128x128_256x64x64x256_16x16_32x32_1x1_16x16x1_16x16x1_1x32x1x8_8_1x1_intrawave_v1,178.43,340.2,0.0
gfx950,256,480,768,7168,ck,7,0,28.7038,a8w8_blockscale_1x128x128_256x16x128x256_16x16_16x16_1x2_16x16x1_16x16x1_1x16x1x16_8_1x2_intrawave_v1,184.12,337.34,0.0
gfx950,256,512,768,7168,ck,18,0,27.8256,a8w8_blockscale_1x128x128_256x64x64x256_16x16_32x32_1x1_16x16x1_16x16x1_1x32x1x8_8_1x1_intrawave_v1,202.59,358.0,0.0
gfx950,256,544,768,7168,ck,13,0,28.7821,a8w8_blockscale_1x128x128_256x32x64x256_16x16_16x16_2x1_16x16x1_16x16x1_1x32x1x8_8_2x1_intrawave_v1,208.1,355.78,0.0
gfx950,256,576,768,7168,ck,18,0,28.0516,a8w8_blockscale_1x128x128_256x64x64x256_16x16_32x32_1x1_16x16x1_16x16x1_1x32x1x8_8_1x1_intrawave_v1,226.08,374.97,0.0
gfx950,256,608,768,7168,ck,7,0,28.563,a8w8_blockscale_1x128x128_256x16x128x256_16x16_16x16_1x2_16x16x1_16x16x1_1x16x1x16_8_1x2_intrawave_v1,234.36,378.01,0.0
gfx950,256,640,768,7168,ck,18,0,27.9635,a8w8_blockscale_1x128x128_256x64x64x256_16x16_32x32_1x1_16x16x1_16x16x1_1x32x1x8_8_1x1_intrawave_v1,251.99,396.07,0.0
gfx950,256,672,768,7168,ck,13,0,28.3914,a8w8_blockscale_1x128x128_256x32x64x256_16x16_16x16_2x1_16x16x1_16x16x1_1x32x1x8_8_2x1_intrawave_v1,260.6,399.91,0.0
gfx950,256,704,768,7168,ck,18,0,28.1512,a8w8_blockscale_1x128x128_256x64x64x256_16x16_32x32_1x1_16x16x1_16x16x1_1x32x1x8_8_1x1_intrawave_v1,275.34,413.22,0.0
gfx950,256,736,768,7168,ck,18,0,29.5433,a8w8_blockscale_1x128x128_256x64x64x256_16x16_32x32_1x1_16x16x1_16x16x1_1x32x1x8_8_1x1_intrawave_v1,274.29,403.18,0.0
gfx950,256,768,768,7168,ck,18,0,27.9767,a8w8_blockscale_1x128x128_256x64x64x256_16x16_32x32_1x1_16x16x1_16x16x1_1x32x1x8_8_1x1_intrawave_v1,302.24,435.71,0.0
gfx950,256,800,768,7168,ck,18,0,29.7758,a8w8_blockscale_1x128x128_256x64x64x256_16x16_32x32_1x1_16x16x1_16x16x1_1x32x1x8_8_1x1_intrawave_v1,295.81,418.74,0.0
gfx950,256,832,768,7168,ck,18,0,28.317,a8w8_blockscale_1x128x128_256x64x64x256_16x16_32x32_1x1_16x16x1_16x16x1_1x32x1x8_8_1x1_intrawave_v1,323.49,450.14,0.0
gfx950,256,864,768,7168,ck,18,0,29.8704,a8w8_blockscale_1x128x128_256x64x64x256_16x16_32x32_1x1_16x16x1_16x16x1_1x32x1x8_8_1x1_intrawave_v1,318.47,436.06,0.0
gfx950,256,896,768,7168,ck,18,0,28.4702,a8w8_blockscale_1x128x128_256x64x64x256_16x16_32x32_1x1_16x16x1_16x16x1_1x32x1x8_8_1x1_intrawave_v1,346.5,467.29,0.0
gfx950,256,928,768,7168,ck,18,0,30.0683,a8w8_blockscale_1x128x128_256x64x64x256_16x16_32x32_1x1_16x16x1_16x16x1_1x32x1x8_8_1x1_intrawave_v1,339.8,451.72,0.0
gfx950,256,960,768,7168,ck,18,0,28.9105,a8w8_blockscale_1x128x128_256x64x64x256_16x16_32x32_1x1_16x16x1_16x16x1_1x32x1x8_8_1x1_intrawave_v1,365.6,479.44,0.0
gfx950,256,992,768,7168,ck,18,0,30.0085,a8w8_blockscale_1x128x128_256x64x64x256_16x16_32x32_1x1_16x16x1_16x16x1_1x32x1x8_8_1x1_intrawave_v1,363.96,471.18,0.0
gfx950,256,1024,768,7168,ck,18,0,28.9693,a8w8_blockscale_1x128x128_256x64x64x256_16x16_32x32_1x1_16x16x1_16x16x1_1x32x1x8_8_1x1_intrawave_v1,389.18,497.7,0.0
gfx950,256,1088,768,7168,ck,18,0,29.198,a8w8_blockscale_1x128x128_256x64x64x256_16x16_32x32_1x1_16x16x1_16x16x1_1x32x1x8_8_1x1_intrawave_v1,410.27,512.88,0.0
gfx950,256,1152,768,7168,ck,18,0,29.67,a8w8_blockscale_1x128x128_256x64x64x256_16x16_32x32_1x1_16x16x1_16x16x1_1x32x1x8_8_1x1_intrawave_v1,427.49,523.49,0.0
gfx950,256,1216,768,7168,ck,18,0,29.3541,a8w8_blockscale_1x128x128_256x64x64x256_16x16_32x32_1x1_16x16x1_16x16x1_1x32x1x8_8_1x1_intrawave_v1,456.09,548.1,0.0
gfx950,256,1280,768,7168,ck,18,0,29.358,a8w8_blockscale_1x128x128_256x64x64x256_16x16_32x32_1x1_16x16x1_16x16x1_1x32x1x8_8_1x1_intrawave_v1,480.03,567.01,0.0
gfx950,256,1344,768,7168,ck,18,0,31.0913,a8w8_blockscale_1x128x128_256x64x64x256_16x16_32x32_1x1_16x16x1_16x16x1_1x32x1x8_8_1x1_intrawave_v1,475.94,553.31,0.0
gfx950,256,1408,768,7168,ck,3,0,40.2633,a8w8_blockscale_1x128x128_256x64x64x128_16x16_32x32_1x1_8x32x1_8x32x1_1x32x1x8_8_1x1_intrawave_v3,385.02,441.1,0.0
gfx950,256,1472,768,7168,ck,3,0,40.4192,a8w8_blockscale_1x128x128_256x64x64x128_16x16_32x32_1x1_8x32x1_8x32x1_1x32x1x8_8_1x1_intrawave_v3,400.97,453.18,0.0
gfx950,256,1536,768,7168,ck,3,0,40.395,a8w8_blockscale_1x128x128_256x64x64x128_16x16_32x32_1x1_8x32x1_8x32x1_1x32x1x8_8_1x1_intrawave_v3,418.65,467.25,0.0
gfx950,256,1600,768,7168,ck,3,0,41.2064,a8w8_blockscale_1x128x128_256x64x64x128_16x16_32x32_1x1_8x32x1_8x32x1_1x32x1x8_8_1x1_intrawave_v3,427.51,471.56,0.0
gfx950,256,1664,768,7168,ck,3,0,41.2418,a8w8_blockscale_1x128x128_256x64x64x128_16x16_32x32_1x1_8x32x1_8x32x1_1x32x1x8_8_1x1_intrawave_v3,444.23,484.67,0.0
gfx950,256,1728,768,7168,ck,2,0,42.0009,a8w8_blockscale_1x128x128_256x64x128x128_16x16_32x32_1x2_8x32x1_8x32x1_1x32x1x8_8_1x1_intrawave_v3,452.98,489.17,0.0
gfx950,256,1792,768,7168,ck,3,0,41.2785,a8w8_blockscale_1x128x128_256x64x64x128_16x16_32x32_1x1_8x32x1_8x32x1_1x32x1x8_8_1x1_intrawave_v3,477.97,511.22,0.0
gfx950,256,1856,768,7168,ck,3,0,42.4133,a8w8_blockscale_1x128x128_256x64x64x128_16x16_32x32_1x1_8x32x1_8x32x1_1x32x1x8_8_1x1_intrawave_v3,481.8,510.68,0.0
gfx950,256,1920,768,7168,ck,2,0,42.7275,a8w8_blockscale_1x128x128_256x64x128x128_16x16_32x32_1x2_8x32x1_8x32x1_1x32x1x8_8_1x1_intrawave_v3,494.75,519.96,0.0
gfx950,256,1984,768,7168,ck,2,0,42.527,a8w8_blockscale_1x128x128_256x64x128x128_16x16_32x32_1x2_8x32x1_8x32x1_1x32x1x8_8_1x1_intrawave_v3,513.65,535.51,0.0
gfx950,256,2048,768,7168,ck,2,0,42.556,a8w8_blockscale_1x128x128_256x64x128x128_16x16_32x32_1x2_8x32x1_8x32x1_1x32x1x8_8_1x1_intrawave_v3,529.86,548.24,0.0
gfx950,256,4096,768,7168,ck,0,0,59.9689,a8w8_blockscale_1x128x128_256x128x128x128_16x16_32x32_2x2_8x32x1_8x32x1_1x32x1x8_8_1x1_intrawave_v3,752.01,686.3,0.0
gfx950,256,6144,768,7168,ck,0,0,86.5634,a8w8_blockscale_1x128x128_256x128x128x128_16x16_32x32_2x2_8x32x1_8x32x1_1x32x1x8_8_1x1_intrawave_v3,781.46,681.38,0.0
gfx950,256,8192,768,7168,ck,0,0,97.118,a8w8_blockscale_1x128x128_256x128x128x128_16x16_32x32_2x2_8x32x1_8x32x1_1x32x1x8_8_1x1_intrawave_v3,928.71,790.87,0.0
gfx950,256,10240,768,7168,cktile,29,0,101.0864,a8w8_blockscale_cktile_192x256x128_4x2x1_16x16x128_intrawave_0x1x0_4,1115.31,936.17,0.0
gfx950,256,12288,768,7168,cktile,11,0,104.9547,a8w8_blockscale_cktile_192x256x128_4x2x1_16x16x128_intrawave_0x1x0_1,1289.05,1071.51,0.0
gfx950,256,14336,768,7168,cktile,28,0,111.5312,a8w8_blockscale_cktile_192x256x128_4x2x1_16x16x128_intrawave_0x1x0_3,1415.21,1168.15,0.0
gfx950,256,16384,768,7168,cktile,28,0,171.214,a8w8_blockscale_cktile_192x256x128_4x2x1_16x16x128_intrawave_0x1x0_3,1053.59,865.07,0.0
gfx950,256,32768,768,7168,cktile,27,0,263.9983,a8w8_blockscale_cktile_192x256x128_4x2x1_16x16x128_intrawave_0x1x0_2,1366.59,1101.21,0.0
gfx950,256,1,2048,7168,ck,8,0,22.935,a8w8_blockscale_1x128x128_256x16x64x256_16x16_16x16_1x1_16x16x1_16x16x1_1x16x1x16_4_1x1_intrawave_v1,1.28,640.56,0.0
gfx950,256,2,2048,7168,ck,8,0,23.0046,a8w8_blockscale_1x128x128_256x16x64x256_16x16_16x16_1x1_16x16x1_16x16x1_1x16x1x16_4_1x1_intrawave_v1,2.55,639.12,0.0
gfx950,256,4,2048,7168,ck,8,0,23.0662,a8w8_blockscale_1x128x128_256x16x64x256_16x16_16x16_1x1_16x16x1_16x16x1_1x16x1x16_4_1x1_intrawave_v1,5.09,638.39,0.0
gfx950,256,8,2048,7168,ck,8,0,23.081,a8w8_blockscale_1x128x128_256x16x64x256_16x16_16x16_1x1_16x16x1_16x16x1_1x16x1x16_4_1x1_intrawave_v1,10.18,639.93,0.0
gfx950,256,16,2048,7168,ck,8,0,22.0558,a8w8_blockscale_1x128x128_256x16x64x256_16x16_16x16_1x1_16x16x1_16x16x1_1x16x1x16_4_1x1_intrawave_v1,21.3,673.76,0.0
gfx950,256,32,2048,7168,ck,8,0,22.1101,a8w8_blockscale_1x128x128_256x16x64x256_16x16_16x16_1x1_16x16x1_16x16x1_1x16x1x16_4_1x1_intrawave_v1,42.49,680.26,0.0
gfx950,256,48,2048,7168,ck,8,0,22.0668,a8w8_blockscale_1x128x128_256x16x64x256_16x16_16x16_1x1_16x16x1_16x16x1_1x16x1x16_4_1x1_intrawave_v1,63.86,689.76,0.0
gfx950,256,64,2048,7168,ck,8,0,22.0495,a8w8_blockscale_1x128x128_256x16x64x256_16x16_16x16_1x1_16x16x1_16x16x1_1x16x1x16_4_1x1_intrawave_v1,85.22,698.47,0.0
gfx950,256,80,2048,7168,ck,8,0,22.162,a8w8_blockscale_1x128x128_256x16x64x256_16x16_16x16_1x1_16x16x1_16x16x1_1x16x1x16_4_1x1_intrawave_v1,105.98,703.06,0.0
gfx950,256,96,2048,7168,ck,8,0,22.2073,a8w8_blockscale_1x128x128_256x16x64x256_16x16_16x16_1x1_16x16x1_16x16x1_1x16x1x16_4_1x1_intrawave_v1,126.92,709.74,0.0
gfx950,256,112,2048,7168,ck,8,0,22.3575,a8w8_blockscale_1x128x128_256x16x64x256_16x16_16x16_1x1_16x16x1_16x16x1_1x16x1x16_4_1x1_intrawave_v1,147.08,713.03,0.0
gfx950,256,128,2048,7168,ck,8,0,22.4925,a8w8_blockscale_1x128x128_256x16x64x256_16x16_16x16_1x1_16x16x1_16x16x1_1x16x1x16_4_1x1_intrawave_v1,167.08,716.77,0.0
gfx950,256,144,2048,7168,ck,7,0,28.4238,a8w8_blockscale_1x128x128_256x16x128x256_16x16_16x16_1x2_16x16x1_16x16x1_1x16x1x16_8_1x2_intrawave_v1,148.74,573.54,0.0
gfx950,256,160,2048,7168,ck,7,0,28.4105,a8w8_blockscale_1x128x128_256x16x128x256_16x16_16x16_1x2_16x16x1_16x16x1_1x16x1x16_8_1x2_intrawave_v1,165.35,580.15,0.0
gfx950,256,176,2048,7168,ck,7,0,28.5048,a8w8_blockscale_1x128x128_256x16x128x256_16x16_16x16_1x2_16x16x1_16x16x1_1x16x1x16_8_1x2_intrawave_v1,181.28,584.55,0.0
gfx950,256,192,2048,7168,ck,18,0,27.8387,a8w8_blockscale_1x128x128_256x64x64x256_16x16_32x32_1x1_16x16x1_16x16x1_1x32x1x8_8_1x1_intrawave_v1,202.49,605.01,0.0
gfx950,256,208,2048,7168,ck,7,0,28.8315,a8w8_blockscale_1x128x128_256x16x128x256_16x16_16x16_1x2_16x16x1_16x16x1_1x16x1x16_8_1x2_intrawave_v1,211.81,590.43,0.0
gfx950,256,224,2048,7168,ck,13,0,28.7371,a8w8_blockscale_1x128x128_256x32x64x256_16x16_16x16_2x1_16x16x1_16x16x1_1x32x1x8_8_2x1_intrawave_v1,228.86,598.64,0.0
gfx950,256,240,2048,7168,ck,7,0,29.0833,a8w8_blockscale_1x128x128_256x16x128x256_16x16_16x16_1x2_16x16x1_16x16x1_1x16x1x16_8_1x2_intrawave_v1,242.28,597.71,0.0
gfx950,256,256,2048,7168,ck,18,0,28.1313,a8w8_blockscale_1x128x128_256x64x64x256_16x16_32x32_1x1_16x16x1_16x16x1_1x32x1x8_8_1x1_intrawave_v1,267.18,624.35,0.0
gfx950,256,288,2048,7168,ck,18,0,29.7403,a8w8_blockscale_1x128x128_256x64x64x256_16x16_32x32_1x1_16x16x1_16x16x1_1x32x1x8_8_1x1_intrawave_v1,284.32,602.69,0.0
gfx950,256,320,2048,7168,ck,18,0,28.427,a8w8_blockscale_1x128x128_256x64x64x256_16x16_32x32_1x1_16x16x1_16x16x1_1x32x1x8_8_1x1_intrawave_v1,330.5,643.21,0.0
gfx950,256,352,2048,7168,ck,18,0,30.3333,a8w8_blockscale_1x128x128_256x64x64x256_16x16_32x32_1x1_16x16x1_16x16x1_1x32x1x8_8_1x1_intrawave_v1,340.71,614.67,0.0
gfx950,256,384,2048,7168,ck,18,0,28.7317,a8w8_blockscale_1x128x128_256x64x64x256_16x16_32x32_1x1_16x16x1_16x16x1_1x32x1x8_8_1x1_intrawave_v1,392.4,661.48,0.0
gfx950,256,416,2048,7168,ck,18,0,30.5733,a8w8_blockscale_1x128x128_256x64x64x256_16x16_32x32_1x1_16x16x1_16x16x1_1x32x1x8_8_1x1_intrawave_v1,399.49,633.42,0.0
gfx950,256,448,2048,7168,ck,18,0,28.9083,a8w8_blockscale_1x128x128_256x64x64x256_16x16_32x32_1x1_16x16x1_16x16x1_1x32x1x8_8_1x1_intrawave_v1,455.0,682.38,0.0
gfx950,256,480,2048,7168,ck,18,0,31.0885,a8w8_blockscale_1x128x128_256x64x64x256_16x16_32x32_1x1_16x16x1_16x16x1_1x32x1x8_8_1x1_intrawave_v1,453.31,646.12,0.0
gfx950,256,512,2048,7168,ck,18,0,30.2078,a8w8_blockscale_1x128x128_256x64x64x256_16x16_32x32_1x1_16x16x1_16x16x1_1x32x1x8_8_1x1_intrawave_v1,497.63,676.89,0.0
gfx950,256,544,2048,7168,ck,2,0,42.1547,a8w8_blockscale_1x128x128_256x64x128x128_16x16_32x32_1x2_8x32x1_8x32x1_1x32x1x8_8_1x1_intrawave_v3,378.89,493.6,0.0
gfx950,256,576,2048,7168,ck,3,0,40.6654,a8w8_blockscale_1x128x128_256x64x64x128_16x16_32x32_1x1_8x32x1_8x32x1_1x32x1x8_8_1x1_intrawave_v3,415.87,520.54,0.0
gfx950,256,608,2048,7168,ck,2,0,42.226,a8w8_blockscale_1x128x128_256x64x128x128_16x16_32x32_1x2_8x32x1_8x32x1_1x32x1x8_8_1x1_intrawave_v3,422.75,509.84,0.0
gfx950,256,640,2048,7168,ck,2,0,41.8636,a8w8_blockscale_1x128x128_256x64x128x128_16x16_32x32_1x2_8x32x1_8x32x1_1x32x1x8_8_1x1_intrawave_v3,448.85,522.87,0.0
gfx950,256,672,2048,7168,ck,2,0,43.0687,a8w8_blockscale_1x128x128_256x64x128x128_16x16_32x32_1x2_8x32x1_8x32x1_1x32x1x8_8_1x1_intrawave_v3,458.11,516.6,0.0
gfx950,256,704,2048,7168,ck,2,0,42.0256,a8w8_blockscale_1x128x128_256x64x128x128_16x16_32x32_1x2_8x32x1_8x32x1_1x32x1x8_8_1x1_intrawave_v3,491.83,538.0,0.0
gfx950,256,736,2048,7168,ck,2,0,43.1169,a8w8_blockscale_1x128x128_256x64x128x128_16x16_32x32_1x2_8x32x1_8x32x1_1x32x1x8_8_1x1_intrawave_v3,501.17,532.75,0.0
gfx950,256,768,2048,7168,ck,2,0,42.3103,a8w8_blockscale_1x128x128_256x64x128x128_16x16_32x32_1x2_8x32x1_8x32x1_1x32x1x8_8_1x1_intrawave_v3,532.93,551.42,0.0
gfx950,256,800,2048,7168,ck,2,0,43.9014,a8w8_blockscale_1x128x128_256x64x128x128_16x16_32x32_1x2_8x32x1_8x32x1_1x32x1x8_8_1x1_intrawave_v3,535.02,539.65,0.0
gfx950,256,832,2048,7168,ck,2,0,43.8699,a8w8_blockscale_1x128x128_256x64x128x128_16x16_32x32_1x2_8x32x1_8x32x1_1x32x1x8_8_1x1_intrawave_v3,556.82,548.25,0.0
gfx950,256,864,2048,7168,ck,2,0,44.2282,a8w8_blockscale_1x128x128_256x64x128x128_16x16_32x32_1x2_8x32x1_8x32x1_1x32x1x8_8_1x1_intrawave_v3,573.55,551.96,0.0
gfx950,256,896,2048,7168,ck,2,0,44.4637,a8w8_blockscale_1x128x128_256x64x128x128_16x16_32x32_1x2_8x32x1_8x32x1_1x32x1x8_8_1x1_intrawave_v3,591.64,557.14,0.0
gfx950,256,928,2048,7168,ck,2,0,44.5416,a8w8_blockscale_1x128x128_256x64x128x128_16x16_32x32_1x2_8x32x1_8x32x1_1x32x1x8_8_1x1_intrawave_v3,611.7,564.26,0.0
gfx950,256,960,2048,7168,ck,2,0,44.9172,a8w8_blockscale_1x128x128_256x64x128x128_16x16_32x32_1x2_8x32x1_8x32x1_1x32x1x8_8_1x1_intrawave_v3,627.5,567.57,0.0
gfx950,256,992,2048,7168,ck,2,0,45.1456,a8w8_blockscale_1x128x128_256x64x128x128_16x16_32x32_1x2_8x32x1_8x32x1_1x32x1x8_8_1x1_intrawave_v3,645.14,572.68,0.0
gfx950,256,1024,2048,7168,ck,2,0,45.1759,a8w8_blockscale_1x128x128_256x64x128x128_16x16_32x32_1x2_8x32x1_8x32x1_1x32x1x8_8_1x1_intrawave_v3,665.5,580.27,0.0
gfx950,256,1088,2048,7168,ck,0,0,54.692,a8w8_blockscale_1x128x128_256x128x128x128_16x16_32x32_2x2_8x32x1_8x32x1_1x32x1x8_8_1x1_intrawave_v3,584.07,492.49,0.0
gfx950,256,1152,2048,7168,ck,0,0,54.8698,a8w8_blockscale_1x128x128_256x128x128x128_16x16_32x32_2x2_8x32x1_8x32x1_1x32x1x8_8_1x1_intrawave_v3,616.42,504.03,0.0
gfx950,256,1216,2048,7168,ck,0,0,54.9741,a8w8_blockscale_1x128x128_256x128x128x128_16x16_32x32_2x2_8x32x1_8x32x1_1x32x1x8_8_1x1_intrawave_v3,649.43,516.19,0.0
gfx950,256,1280,2048,7168,ck,0,0,55.3769,a8w8_blockscale_1x128x128_256x128x128x128_16x16_32x32_2x2_8x32x1_8x32x1_1x32x1x8_8_1x1_intrawave_v3,678.64,525.45,0.0
gfx950,256,1344,2048,7168,ck,0,0,56.9272,a8w8_blockscale_1x128x128_256x128x128x128_16x16_32x32_2x2_8x32x1_8x32x1_1x32x1x8_8_1x1_intrawave_v3,693.17,523.81,0.0
gfx950,256,1408,2048,7168,ck,0,0,56.6467,a8w8_blockscale_1x128x128_256x128x128x128_16x16_32x32_2x2_8x32x1_8x32x1_1x32x1x8_8_1x1_intrawave_v3,729.77,539.13,0.0
gfx950,256,1472,2048,7168,ck,0,0,57.1186,a8w8_blockscale_1x128x128_256x128x128x128_16x16_32x32_2x2_8x32x1_8x32x1_1x32x1x8_8_1x1_intrawave_v3,756.64,547.29,0.0
gfx950,256,1536,2048,7168,ck,0,0,58.2691,a8w8_blockscale_1x128x128_256x128x128x128_16x16_32x32_2x2_8x32x1_8x32x1_1x32x1x8_8_1x1_intrawave_v3,773.95,548.86,0.0
gfx950,256,1600,2048,7168,ck,0,0,60.0411,a8w8_blockscale_1x128x128_256x128x128x128_16x16_32x32_2x2_8x32x1_8x32x1_1x32x1x8_8_1x1_intrawave_v3,782.4,544.67,0.0
gfx950,256,1664,2048,7168,ck,0,0,60.4455,a8w8_blockscale_1x128x128_256x128x128x128_16x16_32x32_2x2_8x32x1_8x32x1_1x32x1x8_8_1x1_intrawave_v3,808.25,552.95,0.0
gfx950,256,1728,2048,7168,ck,0,0,61.4784,a8w8_blockscale_1x128x128_256x128x128x128_16x16_32x32_2x2_8x32x1_8x32x1_1x32x1x8_8_1x1_intrawave_v3,825.24,555.39,0.0
gfx950,256,1792,2048,7168,ck,0,0,60.1511,a8w8_blockscale_1x128x128_256x128x128x128_16x16_32x32_2x2_8x32x1_8x32x1_1x32x1x8_8_1x1_intrawave_v3,874.69,579.63,0.0
gfx950,256,1856,2048,7168,ck,0,0,62.8984,a8w8_blockscale_1x128x128_256x128x128x128_16x16_32x32_2x2_8x32x1_8x32x1_1x32x1x8_8_1x1_intrawave_v3,866.36,565.77,0.0
gfx950,256,1920,2048,7168,ck,0,0,62.5256,a8w8_blockscale_1x128x128_256x128x128x128_16x16_32x32_2x2_8x32x1_8x32x1_1x32x1x8_8_1x1_intrawave_v3,901.57,580.67,0.0
gfx950,256,1984,2048,7168,ck,0,0,62.2238,a8w8_blockscale_1x128x128_256x128x128x128_16x16_32x32_2x2_8x32x1_8x32x1_1x32x1x8_8_1x1_intrawave_v3,936.14,595.08,0.0
gfx950,256,2048,2048,7168,ck,0,0,63.158,a8w8_blockscale_1x128x128_256x128x128x128_16x16_32x32_2x2_8x32x1_8x32x1_1x32x1x8_8_1x1_intrawave_v3,952.05,597.69,0.0
gfx950,256,4096,2048,7168,cktile,28,0,99.6726,a8w8_blockscale_cktile_192x256x128_4x2x1_16x16x128_intrawave_0x1x0_3,1206.54,610.17,0.0
gfx950,256,6144,2048,7168,cktile,11,0,111.4848,a8w8_blockscale_cktile_192x256x128_4x2x1_16x16x128_intrawave_0x1x0_1,1618.06,752.44,0.0
gfx950,256,8192,2048,7168,cktile,27,0,188.6256,a8w8_blockscale_cktile_192x256x128_4x2x1_16x16x128_intrawave_0x1x0_2,1275.11,567.02,0.0
gfx950,256,10240,2048,7168,cktile,28,0,197.824,a8w8_blockscale_cktile_192x256x128_4x2x1_16x16x128_intrawave_0x1x0_3,1519.77,657.27,0.0
gfx950,256,12288,2048,7168,cktile,29,0,210.8909,a8w8_blockscale_cktile_192x256x128_4x2x1_16x16x128_intrawave_0x1x0_4,1710.73,725.93,0.0
gfx950,256,14336,2048,7168,cktile,29,0,286.7111,a8w8_blockscale_cktile_192x256x128_4x2x1_16x16x128_intrawave_0x1x0_4,1468.05,614.42,0.0
gfx950,256,16384,2048,7168,cktile,27,0,301.531,a8w8_blockscale_cktile_192x256x128_4x2x1_16x16x128_intrawave_0x1x0_2,1595.31,660.73,0.0
gfx950,256,32768,2048,7168,cktile,11,0,591.8826,a8w8_blockscale_cktile_192x256x128_4x2x1_16x16x128_intrawave_0x1x0_1,1625.45,648.4,0.0
gfx950,256,1,7168,384,ck,13,0,4.049,a8w8_blockscale_1x128x128_256x32x64x256_16x16_16x16_2x1_16x16x1_16x16x1_1x32x1x8_8_2x1_intrawave_v1,1.36,683.44,0.0
gfx950,256,2,7168,384,ck,13,0,3.9781,a8w8_blockscale_1x128x128_256x32x64x256_16x16_16x16_2x1_16x16x1_16x16x1_1x32x1x8_8_2x1_intrawave_v1,2.77,699.32,0.0
gfx950,256,4,7168,384,ck,11,0,3.7468,a8w8_blockscale_1x128x128_256x32x64x128_16x16_16x16_2x1_8x32x1_8x32x1_1x32x1x8_8_2x1_intrawave_v1,5.88,750.34,0.0
gfx950,256,8,7168,384,ck,5,0,4.3418,a8w8_blockscale_1x128x128_256x16x128x128_8x16_16x16_1x2_16x16x1_8x32x1_1x16x1x16_8_1x2_intrawave_v1,10.14,661.08,0.0
gfx950,256,16,7168,384,ck,6,0,4.0068,a8w8_blockscale_1x128x128_256x16x64x128_8x16_16x16_1x1_16x16x1_8x32x1_1x16x1x16_4_1x1_intrawave_v1,21.98,745.74,0.0
gfx950,256,32,7168,384,ck,13,0,4.2025,a8w8_blockscale_1x128x128_256x32x64x256_16x16_16x16_2x1_16x16x1_16x16x1_1x32x1x8_8_2x1_intrawave_v1,41.92,767.06,0.0
gfx950,256,48,7168,384,ck,11,0,4.1134,a8w8_blockscale_1x128x128_256x32x64x128_16x16_16x16_2x1_8x32x1_8x32x1_1x32x1x8_8_2x1_intrawave_v1,64.24,840.93,0.0
gfx950,256,64,7168,384,ck,13,0,4.5018,a8w8_blockscale_1x128x128_256x32x64x256_16x16_16x16_2x1_16x16x1_16x16x1_1x32x1x8_8_2x1_intrawave_v1,78.26,820.69,0.0
gfx950,256,80,7168,384,ck,6,0,4.7879,a8w8_blockscale_1x128x128_256x16x64x128_8x16_16x16_1x1_16x16x1_8x32x1_1x16x1x16_4_1x1_intrawave_v1,91.98,820.84,0.0
gfx950,256,96,7168,384,ck,6,0,4.6969,a8w8_blockscale_1x128x128_256x16x64x128_8x16_16x16_1x1_16x16x1_8x32x1_1x16x1x16_4_1x1_intrawave_v1,112.52,886.89,0.0
gfx950,256,112,7168,384,ck,13,0,4.937,a8w8_blockscale_1x128x128_256x32x64x256_16x16_16x16_2x1_16x16x1_16x16x1_1x32x1x8_8_2x1_intrawave_v1,124.89,891.46,0.0
gfx950,256,128,7168,384,ck,3,0,5.1698,a8w8_blockscale_1x128x128_256x64x64x128_16x16_32x32_1x1_8x32x1_8x32x1_1x32x1x8_8_1x1_intrawave_v3,136.3,896.88,0.0
gfx950,256,144,7168,384,ck,4,0,5.107,a8w8_blockscale_1x128x128_256x16x256x128_8x16_16x16_1x4_16x16x1_8x32x1_1x16x1x16_8_1x2_intrawave_v1,155.22,954.02,0.0
gfx950,256,160,7168,384,ck,13,0,6.1823,a8w8_blockscale_1x128x128_256x32x64x256_16x16_16x16_2x1_16x16x1_16x16x1_1x32x1x8_8_2x1_intrawave_v1,142.47,826.18,0.0
gfx950,256,176,7168,384,ck,2,0,6.3996,a8w8_blockscale_1x128x128_256x64x128x128_16x16_32x32_1x2_8x32x1_8x32x1_1x32x1x8_8_1x1_intrawave_v3,151.4,834.93,0.0
gfx950,256,192,7168,384,ck,18,0,7.1816,a8w8_blockscale_1x128x128_256x64x64x256_16x16_32x32_1x1_16x16x1_16x16x1_1x32x1x8_8_1x1_intrawave_v1,147.18,776.81,0.0
gfx950,256,208,7168,384,ck,2,0,6.5719,a8w8_blockscale_1x128x128_256x64x128x128_16x16_32x32_1x2_8x32x1_8x32x1_1x32x1x8_8_1x1_intrawave_v3,174.23,884.72,0.0
gfx950,256,224,7168,384,ck,1,0,6.7284,a8w8_blockscale_1x128x128_256x128x64x128_16x16_32x32_2x1_8x32x1_8x32x1_1x32x1x8_8_1x1_intrawave_v3,183.27,899.14,0.0
gfx950,256,240,7168,384,ck,1,0,6.8932,a8w8_blockscale_1x128x128_256x128x64x128_16x16_32x32_2x1_8x32x1_8x32x1_1x32x1x8_8_1x1_intrawave_v3,191.67,911.81,0.0
gfx950,256,256,7168,384,ck,1,0,7.0096,a8w8_blockscale_1x128x128_256x128x64x128_16x16_32x32_2x1_8x32x1_8x32x1_1x32x1x8_8_1x1_intrawave_v3,201.05,930.27,0.0
gfx950,256,288,7168,384,ck,10,0,8.1446,a8w8_blockscale_1x128x128_256x32x128x128_16x16_32x32_1x1_8x32x1_8x32x1_1x32x1x8_8_1x1_intrawave_v1,194.66,858.47,0.0
gfx950,256,320,7168,384,ck,13,0,8.2687,a8w8_blockscale_1x128x128_256x32x64x256_16x16_16x16_2x1_16x16x1_16x16x1_1x32x1x8_8_2x1_intrawave_v1,213.05,902.55,0.0
gfx950,256,352,7168,384,ck,13,0,8.4516,a8w8_blockscale_1x128x128_256x32x64x256_16x16_16x16_2x1_16x16x1_16x16x1_1x32x1x8_8_2x1_intrawave_v1,229.28,938.75,0.0
gfx950,256,384,7168,384,ck,0,0,8.7654,a8w8_blockscale_1x128x128_256x128x128x128_16x16_32x32_2x2_8x32x1_8x32x1_1x32x1x8_8_1x1_intrawave_v3,241.17,958.88,0.0
gfx950,256,416,7168,384,ck,0,0,8.9052,a8w8_blockscale_1x128x128_256x128x128x128_16x16_32x32_2x2_8x32x1_8x32x1_1x32x1x8_8_1x1_intrawave_v3,257.16,996.72,0.0
gfx950,256,448,7168,384,ck,0,0,8.9761,a8w8_blockscale_1x128x128_256x128x128x128_16x16_32x32_2x2_8x32x1_8x32x1_1x32x1x8_8_1x1_intrawave_v3,274.76,1041.33,0.0
gfx950,256,480,7168,384,ck,0,0,9.0489,a8w8_blockscale_1x128x128_256x128x128x128_16x16_32x32_2x2_8x32x1_8x32x1_1x32x1x8_8_1x1_intrawave_v3,292.01,1085.01,0.0
gfx950,256,512,7168,384,ck,0,0,9.1213,a8w8_blockscale_1x128x128_256x128x128x128_16x16_32x32_2x2_8x32x1_8x32x1_1x32x1x8_8_1x1_intrawave_v3,309.01,1128.04,0.0
gfx950,256,544,7168,384,ck,2,0,9.8672,a8w8_blockscale_1x128x128_256x64x128x128_16x16_32x32_1x2_8x32x1_8x32x1_1x32x1x8_8_1x1_intrawave_v3,303.5,1090.5,0.0
gfx950,256,576,7168,384,ck,2,0,10.0314,a8w8_blockscale_1x128x128_256x64x128x128_16x16_32x32_1x2_8x32x1_8x32x1_1x32x1x8_8_1x1_intrawave_v3,316.1,1119.61,0.0
gfx950,256,608,7168,384,ck,3,0,11.6353,a8w8_blockscale_1x128x128_256x64x64x128_16x16_32x32_1x1_8x32x1_8x32x1_1x32x1x8_8_1x1_intrawave_v3,287.66,1005.76,0.0
gfx950,256,640,7168,384,ck,3,0,11.6384,a8w8_blockscale_1x128x128_256x64x64x128_16x16_32x32_1x1_8x32x1_8x32x1_1x32x1x8_8_1x1_intrawave_v3,302.72,1045.96,0.0
gfx950,256,672,7168,384,ck,18,0,12.0301,a8w8_blockscale_1x128x128_256x64x64x256_16x16_32x32_1x1_16x16x1_16x16x1_1x32x1x8_8_1x1_intrawave_v1,307.51,1051.06,0.0
gfx950,256,704,7168,384,ck,3,0,11.9235,a8w8_blockscale_1x128x128_256x64x64x128_16x16_32x32_1x1_8x32x1_8x32x1_1x32x1x8_8_1x1_intrawave_v3,325.03,1099.96,0.0
gfx950,256,736,7168,384,ck,1,0,12.8469,a8w8_blockscale_1x128x128_256x128x64x128_16x16_32x32_2x1_8x32x1_8x32x1_1x32x1x8_8_1x1_intrawave_v3,315.38,1057.57,0.0
gfx950,256,768,7168,384,ck,1,0,12.8765,a8w8_blockscale_1x128x128_256x128x64x128_16x16_32x32_2x1_8x32x1_8x32x1_1x32x1x8_8_1x1_intrawave_v3,328.34,1091.72,0.0
gfx950,256,800,7168,384,ck,2,0,13.296,a8w8_blockscale_1x128x128_256x64x128x128_16x16_32x32_1x2_8x32x1_8x32x1_1x32x1x8_8_1x1_intrawave_v3,331.23,1092.7,0.0
gfx950,256,832,7168,384,ck,2,0,13.1797,a8w8_blockscale_1x128x128_256x64x128x128_16x16_32x32_1x2_8x32x1_8x32x1_1x32x1x8_8_1x1_intrawave_v3,347.52,1138.08,0.0
gfx950,256,864,7168,384,ck,3,0,14.2414,a8w8_blockscale_1x128x128_256x64x64x128_16x16_32x32_1x1_8x32x1_8x32x1_1x32x1x8_8_1x1_intrawave_v3,333.98,1086.31,0.0
gfx950,256,896,7168,384,ck,0,0,14.0585,a8w8_blockscale_1x128x128_256x128x128x128_16x16_32x32_2x2_8x32x1_8x32x1_1x32x1x8_8_1x1_intrawave_v3,350.86,1133.95,0.0
gfx950,256,928,7168,384,ck,0,0,14.2486,a8w8_blockscale_1x128x128_256x128x128x128_16x16_32x32_2x2_8x32x1_8x32x1_1x32x1x8_8_1x1_intrawave_v3,358.54,1151.88,0.0
gfx950,256,960,7168,384,ck,0,0,14.296,a8w8_blockscale_1x128x128_256x128x128x128_16x16_32x32_2x2_8x32x1_8x32x1_1x32x1x8_8_1x1_intrawave_v3,369.67,1181.01,0.0
gfx950,256,992,7168,384,ck,0,0,14.4355,a8w8_blockscale_1x128x128_256x128x128x128_16x16_32x32_2x2_8x32x1_8x32x1_1x32x1x8_8_1x1_intrawave_v3,378.3,1202.23,0.0
gfx950,256,1024,7168,384,ck,0,0,14.3906,a8w8_blockscale_1x128x128_256x128x128x128_16x16_32x32_2x2_8x32x1_8x32x1_1x32x1x8_8_1x1_intrawave_v3,391.72,1238.71,0.0
gfx950,256,1088,7168,384,ck,0,0,14.9709,a8w8_blockscale_1x128x128_256x128x128x128_16x16_32x32_2x2_8x32x1_8x32x1_1x32x1x8_8_1x1_intrawave_v3,400.07,1253.62,0.0
gfx950,256,1152,7168,384,ck,0,0,14.9075,a8w8_blockscale_1x128x128_256x128x128x128_16x16_32x32_2x2_8x32x1_8x32x1_1x32x1x8_8_1x1_intrawave_v3,425.41,1322.15,0.0
gfx950,256,1216,7168,384,ck,3,0,17.3062,a8w8_blockscale_1x128x128_256x64x64x128_16x16_32x32_1x1_8x32x1_8x32x1_1x32x1x8_8_1x1_intrawave_v3,386.8,1193.33,0.0
gfx950,256,1280,7168,384,ck,3,0,17.7527,a8w8_blockscale_1x128x128_256x64x64x128_16x16_32x32_1x1_8x32x1_8x32x1_1x32x1x8_8_1x1_intrawave_v3,396.92,1216.38,0.0
gfx950,256,1344,7168,384,ck,1,0,18.4305,a8w8_blockscale_1x128x128_256x128x64x128_16x16_32x32_2x1_8x32x1_8x32x1_1x32x1x8_8_1x1_intrawave_v3,401.44,1222.77,0.0
gfx950,256,1408,7168,384,ck,1,0,18.1824,a8w8_blockscale_1x128x128_256x128x64x128_16x16_32x32_2x1_8x32x1_8x32x1_1x32x1x8_8_1x1_intrawave_v3,426.3,1291.26,0.0
gfx950,256,1472,7168,384,ck,0,0,19.4825,a8w8_blockscale_1x128x128_256x128x128x128_16x16_32x32_2x2_8x32x1_8x32x1_1x32x1x8_8_1x1_intrawave_v3,415.93,1253.45,0.0
gfx950,256,1536,7168,384,ck,0,0,19.3374,a8w8_blockscale_1x128x128_256x128x128x128_16x16_32x32_2x2_8x32x1_8x32x1_1x32x1x8_8_1x1_intrawave_v3,437.27,1311.57,0.0
gfx950,256,1600,7168,384,ck,0,0,19.7168,a8w8_blockscale_1x128x128_256x128x128x128_16x16_32x32_2x2_8x32x1_8x32x1_1x32x1x8_8_1x1_intrawave_v3,446.73,1334.12,0.0
gfx950,256,1664,7168,384,ck,0,0,19.286,a8w8_blockscale_1x128x128_256x128x128x128_16x16_32x32_2x2_8x32x1_8x32x1_1x32x1x8_8_1x1_intrawave_v3,474.97,1412.77,0.0
gfx950,256,1728,7168,384,cktile,31,0,20.6526,a8w8_blockscale_cktile_192x256x128_4x2x1_16x16x128_intrawave_0x1x0_3_aqrm,460.6,1364.9,0.0
gfx950,256,1792,7168,384,ck,1,0,22.9842,a8w8_blockscale_1x128x128_256x128x64x128_16x16_32x32_2x1_8x32x1_8x32x1_1x32x1x8_8_1x1_intrawave_v3,429.21,1267.43,0.0
gfx950,256,1856,7168,384,ck,1,0,23.3304,a8w8_blockscale_1x128x128_256x128x64x128_16x16_32x32_2x1_8x32x1_8x32x1_1x32x1x8_8_1x1_intrawave_v3,437.94,1289.0,0.0
gfx950,256,1920,7168,384,ck,0,0,23.7056,a8w8_blockscale_1x128x128_256x128x128x128_16x16_32x32_2x2_8x32x1_8x32x1_1x32x1x8_8_1x1_intrawave_v3,445.87,1308.34,0.0
gfx950,256,1984,7168,384,ck,1,0,24.4704,a8w8_blockscale_1x128x128_256x128x64x128_16x16_32x32_2x1_8x32x1_8x32x1_1x32x1x8_8_1x1_intrawave_v3,446.33,1305.94,0.0
gfx950,256,2048,7168,384,ck,1,0,24.145,a8w8_blockscale_1x128x128_256x128x64x128_16x16_32x32_2x1_8x32x1_8x32x1_1x32x1x8_8_1x1_intrawave_v3,466.94,1362.56,0.0
gfx950,256,4096,7168,384,ck,0,0,40.4015,a8w8_blockscale_1x128x128_256x128x128x128_16x16_32x32_2x2_8x32x1_8x32x1_1x32x1x8_8_1x1_intrawave_v3,558.11,1560.48,0.0
gfx950,256,6144,7168,384,ck,0,0,58.5103,a8w8_blockscale_1x128x128_256x128x128x128_16x16_32x32_2x2_8x32x1_8x32x1_1x32x1x8_8_1x1_intrawave_v3,578.07,1592.75,0.0
gfx950,256,8192,7168,384,ck,0,0,74.1794,a8w8_blockscale_1x128x128_256x128x128x128_16x16_32x32_2x2_8x32x1_8x32x1_1x32x1x8_8_1x1_intrawave_v3,607.95,1662.71,0.0
gfx950,256,10240,7168,384,ck,0,0,90.8814,a8w8_blockscale_1x128x128_256x128x128x128_16x16_32x32_2x2_8x32x1_8x32x1_1x32x1x8_8_1x1_intrawave_v3,620.27,1688.85,0.0
gfx950,256,12288,7168,384,ck,0,0,105.5329,a8w8_blockscale_1x128x128_256x128x128x128_16x16_32x32_2x2_8x32x1_8x32x1_1x32x1x8_8_1x1_intrawave_v3,640.99,1740.04,0.0
gfx950,256,14336,7168,384,ck,0,0,121.083,a8w8_blockscale_1x128x128_256x128x128x128_16x16_32x32_2x2_8x32x1_8x32x1_1x32x1x8_8_1x1_intrawave_v3,651.78,1765.55,0.0
gfx950,256,16384,7168,384,ck,0,0,147.3687,a8w8_blockscale_1x128x128_256x128x128x128_16x16_32x32_2x2_8x32x1_8x32x1_1x32x1x8_8_1x1_intrawave_v3,612.03,1655.2,0.0
gfx950,256,32768,7168,384,ck,0,0,264.9201,a8w8_blockscale_1x128x128_256x128x128x128_16x16_32x32_2x2_8x32x1_8x32x1_1x32x1x8_8_1x1_intrawave_v3,680.92,1831.11,0.0
gfx942,304,1,768,7168,ck,8,0,23.2188,a8w8_blockscale_1x128x128_256x16x64x256_16x16_16x16_1x1_16x16x1_16x16x1_1x16x1x16_4_1x1_intrawave_v1,0.47,237.47,0.0
gfx942,304,2,768,7168,ck,8,0,23.2203,a8w8_blockscale_1x128x128_256x16x64x256_16x16_16x16_1x1_16x16x1_16x16x1_1x16x1x16_4_1x1_intrawave_v1,0.95,237.83,0.0
gfx942,304,4,768,7168,ck,8,0,23.3286,a8w8_blockscale_1x128x128_256x16x64x256_16x16_16x16_1x1_16x16x1_16x16x1_1x16x1x16_4_1x1_intrawave_v1,1.89,237.47,0.0
gfx942,304,8,768,7168,ck,8,0,23.5453,a8w8_blockscale_1x128x128_256x16x64x256_16x16_16x16_1x1_16x16x1_16x16x1_1x16x1x16_4_1x1_intrawave_v1,3.74,236.76,0.0
gfx942,304,16,768,7168,ck,8,0,23.764,a8w8_blockscale_1x128x128_256x16x64x256_16x16_16x16_1x1_16x16x1_16x16x1_1x16x1x16_4_1x1_intrawave_v1,7.41,237.51,0.0
gfx942,304,32,768,7168,ck,8,0,23.504,a8w8_blockscale_1x128x128_256x16x64x256_16x16_16x16_1x1_16x16x1_16x16x1_1x16x1x16_4_1x1_intrawave_v1,14.99,246.07,0.0
gfx942,304,48,768,7168,ck,8,0,23.3481,a8w8_blockscale_1x128x128_256x16x64x256_16x16_16x16_1x1_16x16x1_16x16x1_1x16x1x16_4_1x1_intrawave_v1,22.63,253.67,0.0
gfx942,304,64,768,7168,ck,8,0,23.1215,a8w8_blockscale_1x128x128_256x16x64x256_16x16_16x16_1x1_16x16x1_16x16x1_1x16x1x16_4_1x1_intrawave_v1,30.48,262.18,0.0
gfx942,304,80,768,7168,ck,8,0,23.0961,a8w8_blockscale_1x128x128_256x16x64x256_16x16_16x16_1x1_16x16x1_16x16x1_1x16x1x16_4_1x1_intrawave_v1,38.14,268.5,0.0
gfx942,304,96,768,7168,ck,8,0,23.0019,a8w8_blockscale_1x128x128_256x16x64x256_16x16_16x16_1x1_16x16x1_16x16x1_1x16x1x16_4_1x1_intrawave_v1,45.95,275.66,0.0
gfx942,304,112,768,7168,ck,8,0,23.0283,a8w8_blockscale_1x128x128_256x16x64x256_16x16_16x16_1x1_16x16x1_16x16x1_1x16x1x16_4_1x1_intrawave_v1,53.55,281.39,0.0
gfx942,304,128,768,7168,ck,8,0,23.0624,a8w8_blockscale_1x128x128_256x16x64x256_16x16_16x16_1x1_16x16x1_16x16x1_1x16x1x16_4_1x1_intrawave_v1,61.11,287.01,0.0
gfx942,304,144,768,7168,ck,8,0,23.1263,a8w8_blockscale_1x128x128_256x16x64x256_16x16_16x16_1x1_16x16x1_16x16x1_1x16x1x16_4_1x1_intrawave_v1,68.56,292.24,0.0
gfx942,304,160,768,7168,ck,8,0,23.1841,a8w8_blockscale_1x128x128_256x16x64x256_16x16_16x16_1x1_16x16x1_16x16x1_1x16x1x16_4_1x1_intrawave_v1,75.98,297.52,0.0
gfx942,304,176,768,7168,ck,8,0,23.1162,a8w8_blockscale_1x128x128_256x16x64x256_16x16_16x16_1x1_16x16x1_16x16x1_1x16x1x16_4_1x1_intrawave_v1,83.83,304.42,0.0
gfx942,304,192,768,7168,ck,8,0,23.1692,a8w8_blockscale_1x128x128_256x16x64x256_16x16_16x16_1x1_16x16x1_16x16x1_1x16x1x16_4_1x1_intrawave_v1,91.24,309.73,0.0
gfx942,304,208,768,7168,ck,8,0,23.1974,a8w8_blockscale_1x128x128_256x16x64x256_16x16_16x16_1x1_16x16x1_16x16x1_1x16x1x16_4_1x1_intrawave_v1,98.72,315.36,0.0
gfx942,304,224,768,7168,ck,8,0,23.5149,a8w8_blockscale_1x128x128_256x16x64x256_16x16_16x16_1x1_16x16x1_16x16x1_1x16x1x16_4_1x1_intrawave_v1,104.88,317.02,0.0
gfx942,304,240,768,7168,ck,8,0,23.6766,a8w8_blockscale_1x128x128_256x16x64x256_16x16_16x16_1x1_16x16x1_16x16x1_1x16x1x16_4_1x1_intrawave_v1,111.6,320.74,0.0
gfx942,304,256,768,7168,ck,8,0,23.3354,a8w8_blockscale_1x128x128_256x16x64x256_16x16_16x16_1x1_16x16x1_16x16x1_1x16x1x16_4_1x1_intrawave_v1,120.79,331.4,0.0
gfx942,304,288,768,7168,ck,8,0,23.8974,a8w8_blockscale_1x128x128_256x16x64x256_16x16_16x16_1x1_16x16x1_16x16x1_1x16x1x16_4_1x1_intrawave_v1,132.69,335.26,0.0
gfx942,304,320,768,7168,ck,8,0,24.275,a8w8_blockscale_1x128x128_256x16x64x256_16x16_16x16_1x1_16x16x1_16x16x1_1x16x1x16_4_1x1_intrawave_v1,145.14,341.52,0.0
gfx942,304,352,768,7168,ck,8,0,23.6142,a8w8_blockscale_1x128x128_256x16x64x256_16x16_16x16_1x1_16x16x1_16x16x1_1x16x1x16_4_1x1_intrawave_v1,164.12,362.87,0.0
gfx942,304,384,768,7168,ck,8,0,24.4304,a8w8_blockscale_1x128x128_256x16x64x256_16x16_16x16_1x1_16x16x1_16x16x1_1x16x1x16_4_1x1_intrawave_v1,173.06,362.15,0.0
gfx942,304,416,768,7168,ck,13,0,30.0718,a8w8_blockscale_1x128x128_256x32x64x256_16x16_16x16_2x1_16x16x1_16x16x1_1x32x1x8_8_2x1_intrawave_v1,152.31,303.47,0.0
gfx942,304,448,768,7168,ck,18,0,29.2015,a8w8_blockscale_1x128x128_256x64x64x256_16x16_32x32_1x1_16x16x1_16x16x1_1x32x1x8_8_1x1_intrawave_v1,168.91,322.05,0.0
gfx942,304,480,768,7168,ck,13,0,30.2118,a8w8_blockscale_1x128x128_256x32x64x256_16x16_16x16_2x1_16x16x1_16x16x1_1x32x1x8_8_2x1_intrawave_v1,174.93,320.5,0.0
gfx942,304,512,768,7168,ck,18,0,29.5451,a8w8_blockscale_1x128x128_256x64x64x256_16x16_32x32_1x1_16x16x1_16x16x1_1x32x1x8_8_1x1_intrawave_v1,190.8,337.16,0.0
gfx942,304,544,768,7168,ck,13,0,30.8414,a8w8_blockscale_1x128x128_256x32x64x256_16x16_16x16_2x1_16x16x1_16x16x1_1x32x1x8_8_2x1_intrawave_v1,194.2,332.02,0.0
gfx942,304,576,768,7168,ck,18,0,29.7114,a8w8_blockscale_1x128x128_256x64x64x256_16x16_32x32_1x1_16x16x1_16x16x1_1x32x1x8_8_1x1_intrawave_v1,213.45,354.02,0.0
gfx942,304,608,768,7168,ck,13,0,31.4202,a8w8_blockscale_1x128x128_256x32x64x256_16x16_16x16_2x1_16x16x1_16x16x1_1x32x1x8_8_2x1_intrawave_v1,213.05,343.63,0.0
gfx942,304,640,768,7168,ck,18,0,29.9986,a8w8_blockscale_1x128x128_256x64x64x256_16x16_32x32_1x1_16x16x1_16x16x1_1x32x1x8_8_1x1_intrawave_v1,234.89,369.2,0.0
gfx942,304,672,768,7168,ck,13,0,31.3646,a8w8_blockscale_1x128x128_256x32x64x256_16x16_16x16_2x1_16x16x1_16x16x1_1x32x1x8_8_2x1_intrawave_v1,235.89,362.0,0.0
gfx942,304,704,768,7168,ck,18,0,30.2434,a8w8_blockscale_1x128x128_256x64x64x256_16x16_32x32_1x1_16x16x1_16x16x1_1x32x1x8_8_1x1_intrawave_v1,256.29,384.63,0.0
gfx942,304,736,768,7168,ck,13,0,31.6818,a8w8_blockscale_1x128x128_256x32x64x256_16x16_16x16_2x1_16x16x1_16x16x1_1x32x1x8_8_2x1_intrawave_v1,255.77,375.96,0.0
gfx942,304,768,768,7168,ck,18,0,30.5702,a8w8_blockscale_1x128x128_256x64x64x256_16x16_32x32_1x1_16x16x1_16x16x1_1x32x1x8_8_1x1_intrawave_v1,276.6,398.74,0.0
gfx942,304,800,768,7168,ck,13,0,32.6321,a8w8_blockscale_1x128x128_256x32x64x256_16x16_16x16_2x1_16x16x1_16x16x1_1x32x1x8_8_2x1_intrawave_v1,269.92,382.08,0.0
gfx942,304,832,768,7168,ck,18,0,31.4242,a8w8_blockscale_1x128x128_256x64x64x256_16x16_32x32_1x1_16x16x1_16x16x1_1x32x1x8_8_1x1_intrawave_v1,291.51,405.63,0.0
gfx942,304,864,768,7168,ck,18,0,34.6471,a8w8_blockscale_1x128x128_256x64x64x256_16x16_32x32_1x1_16x16x1_16x16x1_1x32x1x8_8_1x1_intrawave_v1,274.56,375.94,0.0
gfx942,304,896,768,7168,ck,18,0,31.231,a8w8_blockscale_1x128x128_256x64x64x256_16x16_32x32_1x1_16x16x1_16x16x1_1x32x1x8_8_1x1_intrawave_v1,315.87,425.98,0.0
gfx942,304,928,768,7168,ck,18,0,35.8258,a8w8_blockscale_1x128x128_256x64x64x256_16x16_32x32_1x1_16x16x1_16x16x1_1x32x1x8_8_1x1_intrawave_v1,285.19,379.12,0.0
gfx942,304,960,768,7168,ck,18,0,32.5542,a8w8_blockscale_1x128x128_256x64x64x256_16x16_32x32_1x1_16x16x1_16x16x1_1x32x1x8_8_1x1_intrawave_v1,324.68,425.78,0.0
gfx942,304,992,768,7168,ck,18,0,36.2942,a8w8_blockscale_1x128x128_256x64x64x256_16x16_32x32_1x1_16x16x1_16x16x1_1x32x1x8_8_1x1_intrawave_v1,300.93,389.58,0.0
gfx942,304,1024,768,7168,ck,18,0,32.2394,a8w8_blockscale_1x128x128_256x64x64x256_16x16_32x32_1x1_16x16x1_16x16x1_1x32x1x8_8_1x1_intrawave_v1,349.71,447.21,0.0
gfx942,304,1088,768,7168,ck,18,0,32.9933,a8w8_blockscale_1x128x128_256x64x64x256_16x16_32x32_1x1_16x16x1_16x16x1_1x32x1x8_8_1x1_intrawave_v1,363.07,453.88,0.0
gfx942,304,1152,768,7168,ck,18,0,33.8362,a8w8_blockscale_1x128x128_256x64x64x256_16x16_32x32_1x1_16x16x1_16x16x1_1x32x1x8_8_1x1_intrawave_v1,374.85,459.04,0.0
gfx942,304,1216,768,7168,ck,18,0,34.3004,a8w8_blockscale_1x128x128_256x64x64x256_16x16_32x32_1x1_16x16x1_16x16x1_1x32x1x8_8_1x1_intrawave_v1,390.32,469.06,0.0
gfx942,304,1280,768,7168,ck,18,0,34.5,a8w8_blockscale_1x128x128_256x64x64x256_16x16_32x32_1x1_16x16x1_16x16x1_1x32x1x8_8_1x1_intrawave_v1,408.49,482.5,0.0
gfx942,304,1344,768,7168,ck,18,0,34.6822,a8w8_blockscale_1x128x128_256x64x64x256_16x16_32x32_1x1_16x16x1_16x16x1_1x32x1x8_8_1x1_intrawave_v1,426.66,496.02,0.0
gfx942,304,1408,768,7168,ck,18,0,36.2208,a8w8_blockscale_1x128x128_256x64x64x256_16x16_32x32_1x1_16x16x1_16x16x1_1x32x1x8_8_1x1_intrawave_v1,427.99,490.33,0.0
gfx942,304,1472,768,7168,ck,18,0,36.1533,a8w8_blockscale_1x128x128_256x64x64x256_16x16_32x32_1x1_16x16x1_16x16x1_1x32x1x8_8_1x1_intrawave_v1,448.28,506.66,0.0
gfx942,304,1536,768,7168,ck,18,0,37.6022,a8w8_blockscale_1x128x128_256x64x64x256_16x16_32x32_1x1_16x16x1_16x16x1_1x32x1x8_8_1x1_intrawave_v1,449.75,501.95,0.0
gfx942,304,1600,768,7168,ck,18,0,38.4632,a8w8_blockscale_1x128x128_256x64x64x256_16x16_32x32_1x1_16x16x1_16x16x1_1x32x1x8_8_1x1_intrawave_v1,458.0,505.2,0.0
gfx942,304,1664,768,7168,ck,3,0,51.7121,a8w8_blockscale_1x128x128_256x64x64x128_16x16_32x32_1x1_8x32x1_8x32x1_1x32x1x8_8_1x1_intrawave_v3,354.28,386.53,0.0
gfx942,304,1728,768,7168,ck,3,0,52.5824,a8w8_blockscale_1x128x128_256x64x64x128_16x16_32x32_1x1_8x32x1_8x32x1_1x32x1x8_8_1x1_intrawave_v3,361.82,390.73,0.0
gfx942,304,1792,768,7168,ck,3,0,54.7418,a8w8_blockscale_1x128x128_256x64x64x128_16x16_32x32_1x1_8x32x1_8x32x1_1x32x1x8_8_1x1_intrawave_v3,360.42,385.49,0.0
gfx942,304,1856,768,7168,ck,3,0,54.9521,a8w8_blockscale_1x128x128_256x64x64x128_16x16_32x32_1x1_8x32x1_8x32x1_1x32x1x8_8_1x1_intrawave_v3,371.86,394.16,0.0
gfx942,304,1920,768,7168,ck,3,0,57.1828,a8w8_blockscale_1x128x128_256x64x64x128_16x16_32x32_1x1_8x32x1_8x32x1_1x32x1x8_8_1x1_intrawave_v3,369.68,388.52,0.0
gfx942,304,1984,768,7168,ck,3,0,57.9614,a8w8_blockscale_1x128x128_256x64x64x128_16x16_32x32_1x1_8x32x1_8x32x1_1x32x1x8_8_1x1_intrawave_v3,376.87,392.91,0.0
gfx942,304,2048,768,7168,ck,3,0,58.6859,a8w8_blockscale_1x128x128_256x64x64x128_16x16_32x32_1x1_8x32x1_8x32x1_1x32x1x8_8_1x1_intrawave_v3,384.22,397.55,0.0
gfx942,304,4096,768,7168,ck,2,0,88.0889,a8w8_blockscale_1x128x128_256x64x128x128_16x16_32x32_1x2_8x32x1_8x32x1_1x32x1x8_8_1x1_intrawave_v3,511.95,467.22,0.0
gfx942,304,6144,768,7168,ck,2,0,103.8346,a8w8_blockscale_1x128x128_256x64x128x128_16x16_32x32_1x2_8x32x1_8x32x1_1x32x1x8_8_1x1_intrawave_v3,651.48,568.04,0.0
gfx942,304,8192,768,7168,ck,0,0,132.0638,a8w8_blockscale_1x128x128_256x128x128x128_16x16_32x32_2x2_8x32x1_8x32x1_1x32x1x8_8_1x1_intrawave_v3,682.96,581.6,0.0
gfx942,304,10240,768,7168,ck,0,0,151.1157,a8w8_blockscale_1x128x128_256x128x128x128_16x16_32x32_2x2_8x32x1_8x32x1_1x32x1x8_8_1x1_intrawave_v3,746.07,626.24,0.0
gfx942,304,12288,768,7168,ck,0,0,161.6856,a8w8_blockscale_1x128x128_256x128x128x128_16x16_32x32_2x2_8x32x1_8x32x1_1x32x1x8_8_1x1_intrawave_v3,836.76,695.55,0.0
gfx942,304,14336,768,7168,ck,0,0,218.5721,a8w8_blockscale_1x128x128_256x128x128x128_16x16_32x32_2x2_8x32x1_8x32x1_1x32x1x8_8_1x1_intrawave_v3,722.14,596.08,0.0
gfx942,304,16384,768,7168,ck,0,0,230.9202,a8w8_blockscale_1x128x128_256x128x128x128_16x16_32x32_2x2_8x32x1_8x32x1_1x32x1x8_8_1x1_intrawave_v3,781.17,641.4,0.0
gfx942,304,32768,768,7168,ck,0,0,432.9786,a8w8_blockscale_1x128x128_256x128x128x128_16x16_32x32_2x2_8x32x1_8x32x1_1x32x1x8_8_1x1_intrawave_v3,833.24,671.44,0.0
gfx942,304,1,2048,7168,ck,8,0,23.2861,a8w8_blockscale_1x128x128_256x16x64x256_16x16_16x16_1x1_16x16x1_16x16x1_1x16x1x16_4_1x1_intrawave_v1,1.26,630.91,0.0
gfx942,304,2,2048,7168,ck,8,0,23.3428,a8w8_blockscale_1x128x128_256x16x64x256_16x16_16x16_1x1_16x16x1_16x16x1_1x16x1x16_4_1x1_intrawave_v1,2.52,629.86,0.0
gfx942,304,4,2048,7168,ck,8,0,23.413,a8w8_blockscale_1x128x128_256x16x64x256_16x16_16x16_1x1_16x16x1_16x16x1_1x16x1x16_4_1x1_intrawave_v1,5.02,628.93,0.0
gfx942,304,8,2048,7168,ck,8,0,23.5534,a8w8_blockscale_1x128x128_256x16x64x256_16x16_16x16_1x1_16x16x1_16x16x1_1x16x1x16_4_1x1_intrawave_v1,9.97,627.09,0.0
gfx942,304,16,2048,7168,ck,8,0,23.6409,a8w8_blockscale_1x128x128_256x16x64x256_16x16_16x16_1x1_16x16x1_16x16x1_1x16x1x16_4_1x1_intrawave_v1,19.87,628.58,0.0
gfx942,304,32,2048,7168,ck,8,0,23.4928,a8w8_blockscale_1x128x128_256x16x64x256_16x16_16x16_1x1_16x16x1_16x16x1_1x16x1x16_4_1x1_intrawave_v1,39.99,640.22,0.0
gfx942,304,48,2048,7168,ck,8,0,23.2709,a8w8_blockscale_1x128x128_256x16x64x256_16x16_16x16_1x1_16x16x1_16x16x1_1x16x1x16_4_1x1_intrawave_v1,60.56,654.07,0.0
gfx942,304,64,2048,7168,ck,8,0,23.2967,a8w8_blockscale_1x128x128_256x16x64x256_16x16_16x16_1x1_16x16x1_16x16x1_1x16x1x16_4_1x1_intrawave_v1,80.66,661.08,0.0
gfx942,304,80,2048,7168,ck,8,0,23.6985,a8w8_blockscale_1x128x128_256x16x64x256_16x16_16x16_1x1_16x16x1_16x16x1_1x16x1x16_4_1x1_intrawave_v1,99.11,657.48,0.0
gfx942,304,96,2048,7168,ck,8,0,23.5643,a8w8_blockscale_1x128x128_256x16x64x256_16x16_16x16_1x1_16x16x1_16x16x1_1x16x1x16_4_1x1_intrawave_v1,119.61,668.87,0.0
gfx942,304,112,2048,7168,ck,8,0,23.9814,a8w8_blockscale_1x128x128_256x16x64x256_16x16_16x16_1x1_16x16x1_16x16x1_1x16x1x16_4_1x1_intrawave_v1,137.12,664.75,0.0
gfx942,304,128,2048,7168,ck,8,0,24.315,a8w8_blockscale_1x128x128_256x16x64x256_16x16_16x16_1x1_16x16x1_16x16x1_1x16x1x16_4_1x1_intrawave_v1,154.56,663.04,0.0
gfx942,304,144,2048,7168,ck,8,0,25.1498,a8w8_blockscale_1x128x128_256x16x64x256_16x16_16x16_1x1_16x16x1_16x16x1_1x16x1x16_4_1x1_intrawave_v1,168.11,648.2,0.0
gfx942,304,160,2048,7168,ck,13,0,30.7699,a8w8_blockscale_1x128x128_256x32x64x256_16x16_16x16_2x1_16x16x1_16x16x1_1x32x1x8_8_2x1_intrawave_v1,152.67,535.66,0.0
gfx942,304,176,2048,7168,ck,13,0,31.7435,a8w8_blockscale_1x128x128_256x32x64x256_16x16_16x16_2x1_16x16x1_16x16x1_1x32x1x8_8_2x1_intrawave_v1,162.79,524.91,0.0
gfx942,304,192,2048,7168,ck,18,0,30.1942,a8w8_blockscale_1x128x128_256x64x64x256_16x16_32x32_1x1_16x16x1_16x16x1_1x32x1x8_8_1x1_intrawave_v1,186.7,557.81,0.0
gfx942,304,208,2048,7168,ck,13,0,31.8778,a8w8_blockscale_1x128x128_256x32x64x256_16x16_16x16_2x1_16x16x1_16x16x1_1x32x1x8_8_2x1_intrawave_v1,191.57,534.01,0.0
gfx942,304,224,2048,7168,ck,13,0,31.3284,a8w8_blockscale_1x128x128_256x32x64x256_16x16_16x16_2x1_16x16x1_16x16x1_1x32x1x8_8_2x1_intrawave_v1,209.93,549.12,0.0
gfx942,304,240,2048,7168,ck,13,0,31.983,a8w8_blockscale_1x128x128_256x32x64x256_16x16_16x16_2x1_16x16x1_16x16x1_1x32x1x8_8_2x1_intrawave_v1,220.32,543.52,0.0
gfx942,304,256,2048,7168,ck,18,0,30.897,a8w8_blockscale_1x128x128_256x64x64x256_16x16_32x32_1x1_16x16x1_16x16x1_1x32x1x8_8_1x1_intrawave_v1,243.27,568.46,0.0
gfx942,304,288,2048,7168,ck,13,0,32.717,a8w8_blockscale_1x128x128_256x32x64x256_16x16_16x16_2x1_16x16x1_16x16x1_1x32x1x8_8_2x1_intrawave_v1,258.45,547.85,0.0
gfx942,304,320,2048,7168,ck,18,0,31.9778,a8w8_blockscale_1x128x128_256x64x64x256_16x16_32x32_1x1_16x16x1_16x16x1_1x32x1x8_8_1x1_intrawave_v1,293.81,571.79,0.0
gfx942,304,352,2048,7168,ck,18,0,36.0118,a8w8_blockscale_1x128x128_256x64x64x256_16x16_32x32_1x1_16x16x1_16x16x1_1x32x1x8_8_1x1_intrawave_v1,286.98,517.75,0.0
gfx942,304,384,2048,7168,ck,18,0,33.1518,a8w8_blockscale_1x128x128_256x64x64x256_16x16_32x32_1x1_16x16x1_16x16x1_1x32x1x8_8_1x1_intrawave_v1,340.08,573.29,0.0
gfx942,304,416,2048,7168,ck,18,0,37.3162,a8w8_blockscale_1x128x128_256x64x64x256_16x16_32x32_1x1_16x16x1_16x16x1_1x32x1x8_8_1x1_intrawave_v1,327.31,518.97,0.0
gfx942,304,448,2048,7168,ck,18,0,34.0834,a8w8_blockscale_1x128x128_256x64x64x256_16x16_32x32_1x1_16x16x1_16x16x1_1x32x1x8_8_1x1_intrawave_v1,385.92,578.77,0.0
gfx942,304,480,2048,7168,ck,18,0,38.2309,a8w8_blockscale_1x128x128_256x64x64x256_16x16_32x32_1x1_16x16x1_16x16x1_1x32x1x8_8_1x1_intrawave_v1,368.62,525.41,0.0
gfx942,304,512,2048,7168,ck,18,0,35.6277,a8w8_blockscale_1x128x128_256x64x64x256_16x16_32x32_1x1_16x16x1_16x16x1_1x32x1x8_8_1x1_intrawave_v1,421.93,573.91,0.0
gfx942,304,544,2048,7168,ck,18,0,40.7622,a8w8_blockscale_1x128x128_256x64x64x256_16x16_32x32_1x1_16x16x1_16x16x1_1x32x1x8_8_1x1_intrawave_v1,391.83,510.47,0.0
gfx942,304,576,2048,7168,ck,18,0,37.3614,a8w8_blockscale_1x128x128_256x64x64x256_16x16_32x32_1x1_16x16x1_16x16x1_1x32x1x8_8_1x1_intrawave_v1,452.64,566.58,0.0
gfx942,304,608,2048,7168,ck,12,0,45.8241,a8w8_blockscale_1x128x128_256x32x128x256_16x16_32x32_1x1_16x16x1_16x16x1_1x32x1x8_8_1x1_intrawave_v1,389.55,469.81,0.0
gfx942,304,640,2048,7168,ck,3,0,54.2721,a8w8_blockscale_1x128x128_256x64x64x128_16x16_32x32_1x1_8x32x1_8x32x1_1x32x1x8_8_1x1_intrawave_v3,346.23,403.32,0.0
gfx942,304,672,2048,7168,ck,3,0,55.9744,a8w8_blockscale_1x128x128_256x64x64x128_16x16_32x32_1x1_8x32x1_8x32x1_1x32x1x8_8_1x1_intrawave_v3,352.48,397.49,0.0
gfx942,304,704,2048,7168,ck,3,0,54.862,a8w8_blockscale_1x128x128_256x64x64x128_16x16_32x32_1x1_8x32x1_8x32x1_1x32x1x8_8_1x1_intrawave_v3,376.75,412.12,0.0
gfx942,304,736,2048,7168,ck,3,0,53.7562,a8w8_blockscale_1x128x128_256x64x64x128_16x16_32x32_1x1_8x32x1_8x32x1_1x32x1x8_8_1x1_intrawave_v3,401.98,427.31,0.0
gfx942,304,768,2048,7168,ck,3,0,52.9121,a8w8_blockscale_1x128x128_256x64x64x128_16x16_32x32_1x1_8x32x1_8x32x1_1x32x1x8_8_1x1_intrawave_v3,426.15,440.94,0.0
gfx942,304,800,2048,7168,ck,3,0,57.8786,a8w8_blockscale_1x128x128_256x64x64x128_16x16_32x32_1x1_8x32x1_8x32x1_1x32x1x8_8_1x1_intrawave_v3,405.82,409.33,0.0
gfx942,304,832,2048,7168,ck,3,0,57.2923,a8w8_blockscale_1x128x128_256x64x64x128_16x16_32x32_1x1_8x32x1_8x32x1_1x32x1x8_8_1x1_intrawave_v3,426.37,419.81,0.0
gfx942,304,864,2048,7168,ck,3,0,58.7356,a8w8_blockscale_1x128x128_256x64x64x128_16x16_32x32_1x1_8x32x1_8x32x1_1x32x1x8_8_1x1_intrawave_v3,431.89,415.63,0.0
gfx942,304,896,2048,7168,ck,3,0,63.1093,a8w8_blockscale_1x128x128_256x64x64x128_16x16_32x32_1x1_8x32x1_8x32x1_1x32x1x8_8_1x1_intrawave_v3,416.84,392.53,0.0
gfx942,304,928,2048,7168,ck,3,0,61.4661,a8w8_blockscale_1x128x128_256x64x64x128_16x16_32x32_1x1_8x32x1_8x32x1_1x32x1x8_8_1x1_intrawave_v3,443.27,408.89,0.0
gfx942,304,960,2048,7168,ck,3,0,62.498,a8w8_blockscale_1x128x128_256x64x64x128_16x16_32x32_1x1_8x32x1_8x32x1_1x32x1x8_8_1x1_intrawave_v3,450.99,407.91,0.0
gfx942,304,992,2048,7168,ck,2,0,61.559,a8w8_blockscale_1x128x128_256x64x128x128_16x16_32x32_1x2_8x32x1_8x32x1_1x32x1x8_8_1x1_intrawave_v3,473.13,419.99,0.0
gfx942,304,1024,2048,7168,ck,3,0,63.6867,a8w8_blockscale_1x128x128_256x64x64x128_16x16_32x32_1x1_8x32x1_8x32x1_1x32x1x8_8_1x1_intrawave_v3,472.07,411.61,0.0
gfx942,304,1088,2048,7168,ck,3,0,64.599,a8w8_blockscale_1x128x128_256x64x64x128_16x16_32x32_1x1_8x32x1_8x32x1_1x32x1x8_8_1x1_intrawave_v3,494.49,416.96,0.0
gfx942,304,1152,2048,7168,ck,3,0,68.0026,a8w8_blockscale_1x128x128_256x64x64x128_16x16_32x32_1x1_8x32x1_8x32x1_1x32x1x8_8_1x1_intrawave_v3,497.38,406.69,0.0
gfx942,304,1216,2048,7168,ck,2,0,69.8275,a8w8_blockscale_1x128x128_256x64x128x128_16x16_32x32_1x2_8x32x1_8x32x1_1x32x1x8_8_1x1_intrawave_v3,511.29,406.39,0.0
gfx942,304,1280,2048,7168,ck,3,0,82.5756,a8w8_blockscale_1x128x128_256x64x64x128_16x16_32x32_1x1_8x32x1_8x32x1_1x32x1x8_8_1x1_intrawave_v3,455.11,352.38,0.0
gfx942,304,1344,2048,7168,ck,0,0,82.8337,a8w8_blockscale_1x128x128_256x128x128x128_16x16_32x32_2x2_8x32x1_8x32x1_1x32x1x8_8_1x1_intrawave_v3,476.38,359.98,0.0
gfx942,304,1408,2048,7168,ck,2,0,87.472,a8w8_blockscale_1x128x128_256x64x128x128_16x16_32x32_1x2_8x32x1_8x32x1_1x32x1x8_8_1x1_intrawave_v3,472.6,349.14,0.0
gfx942,304,1472,2048,7168,ck,0,0,84.1071,a8w8_blockscale_1x128x128_256x128x128x128_16x16_32x32_2x2_8x32x1_8x32x1_1x32x1x8_8_1x1_intrawave_v3,513.85,371.68,0.0
gfx942,304,1536,2048,7168,ck,2,0,87.3061,a8w8_blockscale_1x128x128_256x64x128x128_16x16_32x32_1x2_8x32x1_8x32x1_1x32x1x8_8_1x1_intrawave_v3,516.54,366.32,0.0
gfx942,304,1600,2048,7168,ck,0,0,84.0045,a8w8_blockscale_1x128x128_256x128x128x128_16x16_32x32_2x2_8x32x1_8x32x1_1x32x1x8_8_1x1_intrawave_v3,559.21,389.29,0.0
gfx942,304,1664,2048,7168,ck,2,0,90.5455,a8w8_blockscale_1x128x128_256x64x128x128_16x16_32x32_1x2_8x32x1_8x32x1_1x32x1x8_8_1x1_intrawave_v3,539.57,369.13,0.0
gfx942,304,1728,2048,7168,ck,0,0,86.1669,a8w8_blockscale_1x128x128_256x128x128x128_16x16_32x32_2x2_8x32x1_8x32x1_1x32x1x8_8_1x1_intrawave_v3,588.79,396.26,0.0
gfx942,304,1792,2048,7168,ck,2,0,91.6034,a8w8_blockscale_1x128x128_256x64x128x128_16x16_32x32_1x2_8x32x1_8x32x1_1x32x1x8_8_1x1_intrawave_v3,574.36,380.61,0.0
gfx942,304,1856,2048,7168,ck,0,0,86.2221,a8w8_blockscale_1x128x128_256x128x128x128_16x16_32x32_2x2_8x32x1_8x32x1_1x32x1x8_8_1x1_intrawave_v3,632.0,412.73,0.0
gfx942,304,1920,2048,7168,ck,2,0,98.8671,a8w8_blockscale_1x128x128_256x64x128x128_16x16_32x32_1x2_8x32x1_8x32x1_1x32x1x8_8_1x1_intrawave_v3,570.17,367.23,0.0
gfx942,304,1984,2048,7168,ck,0,0,89.2317,a8w8_blockscale_1x128x128_256x128x128x128_16x16_32x32_2x2_8x32x1_8x32x1_1x32x1x8_8_1x1_intrawave_v3,652.8,414.96,0.0
gfx942,304,2048,2048,7168,ck,2,0,99.3891,a8w8_blockscale_1x128x128_256x64x128x128_16x16_32x32_1x2_8x32x1_8x32x1_1x32x1x8_8_1x1_intrawave_v3,604.99,379.81,0.0
gfx942,304,4096,2048,7168,ck,0,0,151.2855,a8w8_blockscale_1x128x128_256x128x128x128_16x16_32x32_2x2_8x32x1_8x32x1_1x32x1x8_8_1x1_intrawave_v3,794.91,402.0,0.0
gfx942,304,6144,2048,7168,ck,0,0,227.6213,a8w8_blockscale_1x128x128_256x128x128x128_16x16_32x32_2x2_8x32x1_8x32x1_1x32x1x8_8_1x1_intrawave_v3,792.49,368.53,0.0
gfx942,304,8192,2048,7168,ck,0,0,305.5982,a8w8_blockscale_1x128x128_256x128x128x128_16x16_32x32_2x2_8x32x1_8x32x1_1x32x1x8_8_1x1_intrawave_v3,787.04,349.98,0.0
gfx942,304,10240,2048,7168,ck,0,0,351.1685,a8w8_blockscale_1x128x128_256x128x128x128_16x16_32x32_2x2_8x32x1_8x32x1_1x32x1x8_8_1x1_intrawave_v3,856.14,370.26,0.0
gfx942,304,12288,2048,7168,ck,0,0,416.4463,a8w8_blockscale_1x128x128_256x128x128x128_16x16_32x32_2x2_8x32x1_8x32x1_1x32x1x8_8_1x1_intrawave_v3,866.32,367.62,0.0
gfx942,304,14336,2048,7168,ck,0,0,467.1084,a8w8_blockscale_1x128x128_256x128x128x128_16x16_32x32_2x2_8x32x1_8x32x1_1x32x1x8_8_1x1_intrawave_v3,901.09,377.13,0.0
gfx942,304,16384,2048,7168,ck,0,0,512.8483,a8w8_blockscale_1x128x128_256x128x128x128_16x16_32x32_2x2_8x32x1_8x32x1_1x32x1x8_8_1x1_intrawave_v3,937.97,388.48,0.0
gfx942,304,32768,2048,7168,ck,0,0,1030.46,a8w8_blockscale_1x128x128_256x128x128x128_16x16_32x32_2x2_8x32x1_8x32x1_1x32x1x8_8_1x1_intrawave_v3,933.63,372.43,0.0
gfx942,304,1,7168,384,ck,8,0,3.7986,a8w8_blockscale_1x128x128_256x16x64x256_16x16_16x16_1x1_16x16x1_16x16x1_1x16x1x16_4_1x1_intrawave_v1,1.45,728.49,0.0
gfx942,304,1,7168,21504,ck,8,0,67.736,a8w8_blockscale_1x128x128_256x16x64x256_16x16_16x16_1x1_16x16x1_16x16x1_1x16x1x16_4_1x1_intrawave_v1,4.55,2276.14,0.0
gfx942,304,2,7168,384,ck,8,0,3.9121,a8w8_blockscale_1x128x128_256x16x64x256_16x16_16x16_1x1_16x16x1_16x16x1_1x16x1x16_4_1x1_intrawave_v1,2.81,711.11,0.0
gfx942,304,2,7168,21504,ck,8,0,67.9516,a8w8_blockscale_1x128x128_256x16x64x256_16x16_16x16_1x1_16x16x1_16x16x1_1x16x1x16_4_1x1_intrawave_v1,9.07,2269.44,0.0
gfx942,304,4,7168,384,ck,8,0,3.823,a8w8_blockscale_1x128x128_256x16x64x256_16x16_16x16_1x1_16x16x1_16x16x1_1x16x1x16_4_1x1_intrawave_v1,5.76,735.39,0.0
gfx942,304,4,7168,21504,ck,8,0,68.4732,a8w8_blockscale_1x128x128_256x16x64x256_16x16_16x16_1x1_16x16x1_16x16x1_1x16x1x16_4_1x1_intrawave_v1,18.01,2253.2,0.0
gfx942,304,8,7168,384,ck,8,0,4.4086,a8w8_blockscale_1x128x128_256x16x64x256_16x16_16x16_1x1_16x16x1_16x16x1_1x16x1x16_4_1x1_intrawave_v1,9.99,651.06,0.0
gfx942,304,8,7168,21504,ck,8,0,68.5743,a8w8_blockscale_1x128x128_256x16x64x256_16x16_16x16_1x1_16x16x1_16x16x1_1x16x1x16_4_1x1_intrawave_v1,35.96,2251.97,0.0
gfx942,304,16,7168,384,ck,8,0,3.9199,a8w8_blockscale_1x128x128_256x16x64x256_16x16_16x16_1x1_16x16x1_16x16x1_1x16x1x16_4_1x1_intrawave_v1,22.47,762.27,0.0
gfx942,304,16,7168,21504,ck,8,0,69.2955,a8w8_blockscale_1x128x128_256x16x64x256_16x16_16x16_1x1_16x16x1_16x16x1_1x16x1x16_4_1x1_intrawave_v1,71.18,2232.67,0.0
gfx942,304,32,7168,384,ck,8,0,4.1691,a8w8_blockscale_1x128x128_256x16x64x256_16x16_16x16_1x1_16x16x1_16x16x1_1x16x1x16_4_1x1_intrawave_v1,42.25,773.2,0.0
gfx942,304,32,7168,21504,ck,8,0,73.8053,a8w8_blockscale_1x128x128_256x16x64x256_16x16_16x16_1x1_16x16x1_16x16x1_1x16x1x16_4_1x1_intrawave_v1,133.66,2104.02,0.0
gfx942,304,64,7168,21504,ck,18,0,88.4428,a8w8_blockscale_1x128x128_256x64x64x256_16x16_32x32_1x1_16x16x1_16x16x1_1x32x1x8_8_1x1_intrawave_v1,223.08,1768.76,0.0
gfx942,304,80,7168,21504,ck,18,0,105.2786,a8w8_blockscale_1x128x128_256x64x64x256_16x16_32x32_1x1_16x16x1_16x16x1_1x32x1x8_8_1x1_intrawave_v1,234.26,1491.36,0.0
gfx942,304,96,7168,384,ck,6,0,5.317,a8w8_blockscale_1x128x128_256x16x64x128_8x16_16x16_1x1_16x16x1_8x32x1_1x16x1x16_4_1x1_intrawave_v1,99.39,783.46,0.0
gfx942,304,96,7168,21504,ck,18,0,104.1861,a8w8_blockscale_1x128x128_256x64x64x256_16x16_32x32_1x1_16x16x1_16x16x1_1x32x1x8_8_1x1_intrawave_v1,284.06,1512.5,0.0
gfx942,304,112,7168,384,ck,6,0,5.4926,a8w8_blockscale_1x128x128_256x16x64x128_8x16_16x16_1x1_16x16x1_8x32x1_1x16x1x16_4_1x1_intrawave_v1,112.25,801.29,0.0
gfx942,304,112,7168,21504,ck,18,0,108.8219,a8w8_blockscale_1x128x128_256x64x64x256_16x16_32x32_1x1_16x16x1_16x16x1_1x32x1x8_8_1x1_intrawave_v1,317.28,1453.34,0.0
gfx942,304,128,7168,384,ck,6,0,5.7053,a8w8_blockscale_1x128x128_256x16x64x128_8x16_16x16_1x1_16x16x1_8x32x1_1x16x1x16_4_1x1_intrawave_v1,123.51,812.7,0.0
gfx942,304,128,7168,21504,ck,18,0,98.5941,a8w8_blockscale_1x128x128_256x64x64x256_16x16_32x32_1x1_16x16x1_16x16x1_1x32x1x8_8_1x1_intrawave_v1,400.23,1609.92,0.0
gfx942,304,144,7168,384,ck,6,0,6.3311,a8w8_blockscale_1x128x128_256x16x64x128_8x16_16x16_1x1_16x16x1_8x32x1_1x16x1x16_4_1x1_intrawave_v1,125.21,769.56,0.0
gfx942,304,144,7168,21504,ck,12,0,134.1398,a8w8_blockscale_1x128x128_256x32x128x256_16x16_32x32_1x1_16x16x1_16x16x1_1x32x1x8_8_1x1_intrawave_v1,330.94,1187.58,0.0
gfx942,304,160,7168,384,ck,5,0,6.3043,a8w8_blockscale_1x128x128_256x16x128x128_8x16_16x16_1x2_16x16x1_8x32x1_1x16x1x16_8_1x2_intrawave_v1,139.71,810.19,0.0
gfx942,304,160,7168,21504,ck,12,0,132.7198,a8w8_blockscale_1x128x128_256x32x128x256_16x16_32x32_1x1_16x16x1_16x16x1_1x32x1x8_8_1x1_intrawave_v1,371.65,1204.61,0.0
gfx942,304,176,7168,384,ck,6,0,6.6362,a8w8_blockscale_1x128x128_256x16x64x128_8x16_16x16_1x1_16x16x1_8x32x1_1x16x1x16_4_1x1_intrawave_v1,146.0,805.16,0.0
gfx942,304,176,7168,21504,ck,3,0,164.7615,a8w8_blockscale_1x128x128_256x64x64x128_16x16_32x32_1x1_8x32x1_8x32x1_1x32x1x8_8_1x1_intrawave_v3,329.31,973.82,0.0
gfx942,304,192,7168,384,ck,6,0,6.9406,a8w8_blockscale_1x128x128_256x16x64x128_8x16_16x16_1x1_16x16x1_8x32x1_1x16x1x16_4_1x1_intrawave_v1,152.29,803.79,0.0
gfx942,304,192,7168,21504,ck,18,0,166.6744,a8w8_blockscale_1x128x128_256x64x64x256_16x16_32x32_1x1_16x16x1_16x16x1_1x32x1x8_8_1x1_intrawave_v1,355.12,966.09,0.0
gfx942,304,208,7168,384,ck,6,0,7.0014,a8w8_blockscale_1x128x128_256x16x64x128_8x16_16x16_1x1_16x16x1_8x32x1_1x16x1x16_4_1x1_intrawave_v1,163.55,830.44,0.0
gfx942,304,208,7168,21504,ck,2,0,161.927,a8w8_blockscale_1x128x128_256x64x128x128_16x16_32x32_1x2_8x32x1_8x32x1_1x32x1x8_8_1x1_intrawave_v3,396.0,997.95,0.0
gfx942,304,224,7168,384,ck,3,0,7.2451,a8w8_blockscale_1x128x128_256x64x64x128_16x16_32x32_1x1_8x32x1_8x32x1_1x32x1x8_8_1x1_intrawave_v3,170.2,835.02,0.0
gfx942,304,224,7168,21504,ck,2,0,170.4115,a8w8_blockscale_1x128x128_256x64x128x128_16x16_32x32_1x2_8x32x1_8x32x1_1x32x1x8_8_1x1_intrawave_v3,405.23,951.63,0.0
gfx942,304,240,7168,384,ck,3,0,7.7707,a8w8_blockscale_1x128x128_256x64x64x128_16x16_32x32_1x1_8x32x1_8x32x1_1x32x1x8_8_1x1_intrawave_v3,170.02,808.85,0.0
gfx942,304,240,7168,21504,ck,3,0,178.6094,a8w8_blockscale_1x128x128_256x64x64x128_16x16_32x32_1x1_8x32x1_8x32x1_1x32x1x8_8_1x1_intrawave_v3,414.24,911.16,0.0
gfx942,304,256,7168,384,ck,3,0,7.3804,a8w8_blockscale_1x128x128_256x64x64x128_16x16_32x32_1x1_8x32x1_8x32x1_1x32x1x8_8_1x1_intrawave_v3,190.95,883.53,0.0
gfx942,304,256,7168,21504,ck,3,0,173.666,a8w8_blockscale_1x128x128_256x64x64x128_16x16_32x32_1x1_8x32x1_8x32x1_1x32x1x8_8_1x1_intrawave_v3,454.44,940.4,0.0
gfx942,304,288,7168,384,ck,3,0,7.7118,a8w8_blockscale_1x128x128_256x64x64x128_16x16_32x32_1x1_8x32x1_8x32x1_1x32x1x8_8_1x1_intrawave_v3,205.59,906.65,0.0
gfx942,304,288,7168,21504,ck,2,0,188.9687,a8w8_blockscale_1x128x128_256x64x128x128_16x16_32x32_1x2_8x32x1_8x32x1_1x32x1x8_8_1x1_intrawave_v3,469.84,870.32,0.0
gfx942,304,320,7168,384,ck,3,0,7.6481,a8w8_blockscale_1x128x128_256x64x64x128_16x16_32x32_1x1_8x32x1_8x32x1_1x32x1x8_8_1x1_intrawave_v3,230.33,975.79,0.0
gfx942,304,320,7168,21504,ck,18,0,198.142,a8w8_blockscale_1x128x128_256x64x64x256_16x16_32x32_1x1_16x16x1_16x16x1_1x32x1x8_8_1x1_intrawave_v1,497.88,835.81,0.0
gfx942,304,352,7168,384,ck,6,0,8.8318,a8w8_blockscale_1x128x128_256x16x64x128_8x16_16x16_1x1_16x16x1_8x32x1_1x16x1x16_4_1x1_intrawave_v1,219.41,898.34,0.0
gfx942,304,352,7168,21504,ck,2,0,235.4031,a8w8_blockscale_1x128x128_256x64x128x128_16x16_32x32_1x2_8x32x1_8x32x1_1x32x1x8_8_1x1_intrawave_v3,460.98,708.39,0.0
gfx942,304,384,7168,384,ck,3,0,9.1773,a8w8_blockscale_1x128x128_256x64x64x128_16x16_32x32_1x1_8x32x1_8x32x1_1x32x1x8_8_1x1_intrawave_v3,230.34,915.85,0.0
gfx942,304,384,7168,21504,ck,2,0,245.0574,a8w8_blockscale_1x128x128_256x64x128x128_16x16_32x32_1x2_8x32x1_8x32x1_1x32x1x8_8_1x1_intrawave_v3,483.07,685.16,0.0
gfx942,304,416,7168,384,ck,3,0,9.1138,a8w8_blockscale_1x128x128_256x64x64x128_16x16_32x32_1x1_8x32x1_8x32x1_1x32x1x8_8_1x1_intrawave_v3,251.28,973.91,0.0
gfx942,304,416,7168,21504,ck,0,0,215.6123,a8w8_blockscale_1x128x128_256x128x128x128_16x16_32x32_2x2_8x32x1_8x32x1_1x32x1x8_8_1x1_intrawave_v3,594.79,784.05,0.0
gfx942,304,448,7168,384,ck,3,0,9.4394,a8w8_blockscale_1x128x128_256x64x64x128_16x16_32x32_1x1_8x32x1_8x32x1_1x32x1x8_8_1x1_intrawave_v3,261.27,990.22,0.0
gfx942,304,448,7168,21504,ck,0,0,221.6725,a8w8_blockscale_1x128x128_256x128x128x128_16x16_32x32_2x2_8x32x1_8x32x1_1x32x1x8_8_1x1_intrawave_v3,623.04,767.79,0.0
gfx942,304,480,7168,384,ck,3,0,9.3743,a8w8_blockscale_1x128x128_256x64x64x128_16x16_32x32_1x1_8x32x1_8x32x1_1x32x1x8_8_1x1_intrawave_v3,281.88,1047.34,0.0
gfx942,304,480,7168,21504,ck,0,0,246.8584,a8w8_blockscale_1x128x128_256x128x128x128_16x16_32x32_2x2_8x32x1_8x32x1_1x32x1x8_8_1x1_intrawave_v3,599.43,694.1,0.0
gfx942,304,512,7168,384,ck,3,0,9.6937,a8w8_blockscale_1x128x128_256x64x64x128_16x16_32x32_1x1_8x32x1_8x32x1_1x32x1x8_8_1x1_intrawave_v3,290.76,1061.43,0.0
gfx942,304,512,7168,21504,ck,2,0,276.194,a8w8_blockscale_1x128x128_256x64x128x128_16x16_32x32_1x2_8x32x1_8x32x1_1x32x1x8_8_1x1_intrawave_v3,571.48,624.53,0.0
gfx942,304,544,7168,384,ck,3,0,10.635,a8w8_blockscale_1x128x128_256x64x64x128_16x16_32x32_1x1_8x32x1_8x32x1_1x32x1x8_8_1x1_intrawave_v3,281.59,1011.77,0.0
gfx942,304,544,7168,21504,ck,0,0,252.898,a8w8_blockscale_1x128x128_256x128x128x128_16x16_32x32_2x2_8x32x1_8x32x1_1x32x1x8_8_1x1_intrawave_v3,663.13,686.59,0.0
gfx942,304,576,7168,384,ck,3,0,10.739,a8w8_blockscale_1x128x128_256x64x64x128_16x16_32x32_1x1_8x32x1_8x32x1_1x32x1x8_8_1x1_intrawave_v3,295.27,1045.84,0.0
gfx942,304,576,7168,21504,ck,0,0,259.6822,a8w8_blockscale_1x128x128_256x128x128x128_16x16_32x32_2x2_8x32x1_8x32x1_1x32x1x8_8_1x1_intrawave_v3,683.8,673.07,0.0
gfx942,304,608,7168,384,ck,3,0,11.1337,a8w8_blockscale_1x128x128_256x64x64x128_16x16_32x32_1x1_8x32x1_8x32x1_1x32x1x8_8_1x1_intrawave_v3,300.62,1051.07,0.0
gfx942,304,608,7168,21504,ck,0,0,273.715,a8w8_blockscale_1x128x128_256x128x128x128_16x16_32x32_2x2_8x32x1_8x32x1_1x32x1x8_8_1x1_intrawave_v3,684.78,642.75,0.0
gfx942,304,640,7168,384,ck,0,0,11.5514,a8w8_blockscale_1x128x128_256x128x128x128_16x16_32x32_2x2_8x32x1_8x32x1_1x32x1x8_8_1x1_intrawave_v3,305.0,1053.84,0.0
gfx942,304,640,7168,21504,ck,0,0,291.7435,a8w8_blockscale_1x128x128_256x128x128x128_16x16_32x32_2x2_8x32x1_8x32x1_1x32x1x8_8_1x1_intrawave_v3,676.28,606.97,0.0
gfx942,304,672,7168,384,ck,3,0,13.2034,a8w8_blockscale_1x128x128_256x64x64x128_16x16_32x32_1x1_8x32x1_8x32x1_1x32x1x8_8_1x1_intrawave_v3,280.18,957.66,0.0
gfx942,304,672,7168,21504,ck,0,0,358.9405,a8w8_blockscale_1x128x128_256x128x128x128_16x16_32x32_2x2_8x32x1_8x32x1_1x32x1x8_8_1x1_intrawave_v3,577.16,496.53,0.0
gfx942,304,704,7168,384,ck,3,0,12.7126,a8w8_blockscale_1x128x128_256x64x64x128_16x16_32x32_1x1_8x32x1_8x32x1_1x32x1x8_8_1x1_intrawave_v3,304.86,1031.68,0.0
gfx942,304,704,7168,21504,ck,0,0,358.8557,a8w8_blockscale_1x128x128_256x128x128x128_16x16_32x32_2x2_8x32x1_8x32x1_1x32x1x8_8_1x1_intrawave_v3,604.78,499.84,0.0
gfx942,304,736,7168,384,ck,3,0,13.4956,a8w8_blockscale_1x128x128_256x64x64x128_16x16_32x32_1x1_8x32x1_8x32x1_1x32x1x8_8_1x1_intrawave_v3,300.22,1006.73,0.0
gfx942,304,736,7168,21504,ck,0,0,362.3729,a8w8_blockscale_1x128x128_256x128x128x128_16x16_32x32_2x2_8x32x1_8x32x1_1x32x1x8_8_1x1_intrawave_v3,626.14,498.16,0.0
gfx942,304,768,7168,384,ck,3,0,13.4933,a8w8_blockscale_1x128x128_256x64x64x128_16x16_32x32_1x1_8x32x1_8x32x1_1x32x1x8_8_1x1_intrawave_v3,313.33,1041.81,0.0
gfx942,304,768,7168,21504,ck,0,0,368.3897,a8w8_blockscale_1x128x128_256x128x128x128_16x16_32x32_2x2_8x32x1_8x32x1_1x32x1x8_8_1x1_intrawave_v3,642.69,493.13,0.0
gfx942,304,800,7168,384,ck,3,0,13.6086,a8w8_blockscale_1x128x128_256x64x64x128_16x16_32x32_1x1_8x32x1_8x32x1_1x32x1x8_8_1x1_intrawave_v3,323.62,1067.6,0.0
gfx942,304,800,7168,21504,ck,0,0,395.5662,a8w8_blockscale_1x128x128_256x128x128x128_16x16_32x32_2x2_8x32x1_8x32x1_1x32x1x8_8_1x1_intrawave_v3,623.47,462.15,0.0
gfx942,304,832,7168,384,ck,3,0,13.2812,a8w8_blockscale_1x128x128_256x64x64x128_16x16_32x32_1x1_8x32x1_8x32x1_1x32x1x8_8_1x1_intrawave_v3,344.86,1129.38,0.0
gfx942,304,832,7168,21504,ck,0,0,402.062,a8w8_blockscale_1x128x128_256x128x128x128_16x16_32x32_2x2_8x32x1_8x32x1_1x32x1x8_8_1x1_intrawave_v3,637.94,457.54,0.0
gfx942,304,864,7168,384,ck,3,0,15.2022,a8w8_blockscale_1x128x128_256x64x64x128_16x16_32x32_1x1_8x32x1_8x32x1_1x32x1x8_8_1x1_intrawave_v3,312.87,1017.65,0.0
gfx942,304,864,7168,21504,ck,0,0,407.4906,a8w8_blockscale_1x128x128_256x128x128x128_16x16_32x32_2x2_8x32x1_8x32x1_1x32x1x8_8_1x1_intrawave_v3,653.65,454.26,0.0
gfx942,304,896,7168,384,ck,3,0,14.5909,a8w8_blockscale_1x128x128_256x64x64x128_16x16_32x32_1x1_8x32x1_8x32x1_1x32x1x8_8_1x1_intrawave_v3,338.05,1092.57,0.0
gfx942,304,896,7168,21504,ck,0,0,428.5512,a8w8_blockscale_1x128x128_256x128x128x128_16x16_32x32_2x2_8x32x1_8x32x1_1x32x1x8_8_1x1_intrawave_v3,644.54,434.61,0.0
gfx942,304,928,7168,384,ck,3,0,15.3537,a8w8_blockscale_1x128x128_256x64x64x128_16x16_32x32_1x1_8x32x1_8x32x1_1x32x1x8_8_1x1_intrawave_v3,332.73,1068.97,0.0
gfx942,304,928,7168,21504,ck,0,0,421.4914,a8w8_blockscale_1x128x128_256x128x128x128_16x16_32x32_2x2_8x32x1_8x32x1_1x32x1x8_8_1x1_intrawave_v3,678.74,444.61,0.0
gfx942,304,960,7168,384,ck,3,0,14.7651,a8w8_blockscale_1x128x128_256x64x64x128_16x16_32x32_1x1_8x32x1_8x32x1_1x32x1x8_8_1x1_intrawave_v3,357.93,1143.49,0.0
gfx942,304,960,7168,21504,ck,0,0,428.8253,a8w8_blockscale_1x128x128_256x128x128x128_16x16_32x32_2x2_8x32x1_8x32x1_1x32x1x8_8_1x1_intrawave_v3,690.14,439.68,0.0
gfx942,304,992,7168,384,ck,2,0,15.65,a8w8_blockscale_1x128x128_256x64x128x128_16x16_32x32_1x2_8x32x1_8x32x1_1x32x1x8_8_1x1_intrawave_v3,348.94,1108.93,0.0
gfx942,304,992,7168,21504,ck,0,0,429.4174,a8w8_blockscale_1x128x128_256x128x128x128_16x16_32x32_2x2_8x32x1_8x32x1_1x32x1x8_8_1x1_intrawave_v3,712.16,441.75,0.0
gfx942,304,1024,7168,384,ck,3,0,15.6314,a8w8_blockscale_1x128x128_256x64x64x128_16x16_32x32_1x1_8x32x1_8x32x1_1x32x1x8_8_1x1_intrawave_v3,360.63,1140.38,0.0
gfx942,304,1024,7168,21504,ck,0,0,457.062,a8w8_blockscale_1x128x128_256x128x128x128_16x16_32x32_2x2_8x32x1_8x32x1_1x32x1x8_8_1x1_intrawave_v3,690.67,417.54,0.0
gfx942,304,1088,7168,384,ck,3,0,17.2275,a8w8_blockscale_1x128x128_256x64x64x128_16x16_32x32_1x1_8x32x1_8x32x1_1x32x1x8_8_1x1_intrawave_v3,347.67,1089.41,0.0
gfx942,304,1088,7168,21504,ck,0,0,435.8314,a8w8_blockscale_1x128x128_256x128x128x128_16x16_32x32_2x2_8x32x1_8x32x1_1x32x1x8_8_1x1_intrawave_v3,769.59,443.14,0.0
gfx942,304,1152,7168,384,ck,3,0,17.2973,a8w8_blockscale_1x128x128_256x64x64x128_16x16_32x32_1x1_8x32x1_8x32x1_1x32x1x8_8_1x1_intrawave_v3,366.63,1139.48,0.0
gfx942,304,1152,7168,21504,ck,0,0,442.9347,a8w8_blockscale_1x128x128_256x128x128x128_16x16_32x32_2x2_8x32x1_8x32x1_1x32x1x8_8_1x1_intrawave_v3,801.79,441.21,0.0
gfx942,304,1216,7168,384,ck,3,0,17.6214,a8w8_blockscale_1x128x128_256x64x64x128_16x16_32x32_1x1_8x32x1_8x32x1_1x32x1x8_8_1x1_intrawave_v3,379.89,1171.99,0.0
gfx942,304,1216,7168,21504,ck,0,0,449.7745,a8w8_blockscale_1x128x128_256x128x128x128_16x16_32x32_2x2_8x32x1_8x32x1_1x32x1x8_8_1x1_intrawave_v3,833.46,439.6,0.0
gfx942,304,1280,7168,384,ck,2,0,18.6961,a8w8_blockscale_1x128x128_256x64x128x128_16x16_32x32_1x2_8x32x1_8x32x1_1x32x1x8_8_1x1_intrawave_v3,376.89,1155.01,0.0
gfx942,304,1280,7168,21504,ck,0,0,468.8835,a8w8_blockscale_1x128x128_256x128x128x128_16x16_32x32_2x2_8x32x1_8x32x1_1x32x1x8_8_1x1_intrawave_v3,841.57,426.58,0.0
gfx942,304,1344,7168,384,ck,3,0,19.3533,a8w8_blockscale_1x128x128_256x64x64x128_16x16_32x32_1x1_8x32x1_8x32x1_1x32x1x8_8_1x1_intrawave_v3,382.3,1164.46,0.0
gfx942,304,1344,7168,21504,ck,0,0,608.523,a8w8_blockscale_1x128x128_256x128x128x128_16x16_32x32_2x2_8x32x1_8x32x1_1x32x1x8_8_1x1_intrawave_v3,680.88,332.46,0.0
gfx942,304,1408,7168,384,ck,2,0,21.018,a8w8_blockscale_1x128x128_256x64x128x128_16x16_32x32_1x2_8x32x1_8x32x1_1x32x1x8_8_1x1_intrawave_v3,368.78,1117.06,0.0
gfx942,304,1408,7168,21504,ck,0,0,636.8661,a8w8_blockscale_1x128x128_256x128x128x128_16x16_32x32_2x2_8x32x1_8x32x1_1x32x1x8_8_1x1_intrawave_v3,681.56,321.27,0.0
gfx942,304,1472,7168,384,ck,3,0,21.478,a8w8_blockscale_1x128x128_256x64x64x128_16x16_32x32_1x1_8x32x1_8x32x1_1x32x1x8_8_1x1_intrawave_v3,377.29,1136.99,0.0
gfx942,304,1472,7168,21504,ck,0,0,593.2326,a8w8_blockscale_1x128x128_256x128x128x128_16x16_32x32_2x2_8x32x1_8x32x1_1x32x1x8_8_1x1_intrawave_v3,764.94,348.76,0.0
gfx942,304,1536,7168,384,ck,3,0,20.9613,a8w8_blockscale_1x128x128_256x64x64x128_16x16_32x32_1x1_8x32x1_8x32x1_1x32x1x8_8_1x1_intrawave_v3,403.4,1209.96,0.0
gfx942,304,1536,7168,21504,ck,0,0,632.621,a8w8_blockscale_1x128x128_256x128x128x128_16x16_32x32_2x2_8x32x1_8x32x1_1x32x1x8_8_1x1_intrawave_v3,748.51,330.67,0.0
gfx942,304,1600,7168,384,ck,2,0,23.2726,a8w8_blockscale_1x128x128_256x64x128x128_16x16_32x32_1x2_8x32x1_8x32x1_1x32x1x8_8_1x1_intrawave_v3,378.47,1130.28,0.0
gfx942,304,1600,7168,21504,ck,0,0,646.6635,a8w8_blockscale_1x128x128_256x128x128x128_16x16_32x32_2x2_8x32x1_8x32x1_1x32x1x8_8_1x1_intrawave_v3,762.76,327.04,0.0
gfx942,304,1664,7168,384,ck,2,0,23.027,a8w8_blockscale_1x128x128_256x64x128x128_16x16_32x32_1x2_8x32x1_8x32x1_1x32x1x8_8_1x1_intrawave_v3,397.81,1183.25,0.0
gfx942,304,1664,7168,21504,ck,0,0,648.1648,a8w8_blockscale_1x128x128_256x128x128x128_16x16_32x32_2x2_8x32x1_8x32x1_1x32x1x8_8_1x1_intrawave_v3,791.43,329.82,0.0
gfx942,304,1728,7168,384,ck,2,0,23.1352,a8w8_blockscale_1x128x128_256x64x128x128_16x16_32x32_1x2_8x32x1_8x32x1_1x32x1x8_8_1x1_intrawave_v3,411.18,1218.43,0.0
gfx942,304,1728,7168,21504,ck,0,0,660.9806,a8w8_blockscale_1x128x128_256x128x128x128_16x16_32x32_2x2_8x32x1_8x32x1_1x32x1x8_8_1x1_intrawave_v3,805.94,326.9,0.0
gfx942,304,1792,7168,384,ck,0,0,24.9199,a8w8_blockscale_1x128x128_256x128x128x128_16x16_32x32_2x2_8x32x1_8x32x1_1x32x1x8_8_1x1_intrawave_v3,395.87,1168.98,0.0
gfx942,304,1792,7168,21504,ck,0,0,672.9019,a8w8_blockscale_1x128x128_256x128x128x128_16x16_32x32_2x2_8x32x1_8x32x1_1x32x1x8_8_1x1_intrawave_v3,820.98,324.51,0.0
gfx942,304,1856,7168,384,ck,0,0,25.2716,a8w8_blockscale_1x128x128_256x128x128x128_16x16_32x32_2x2_8x32x1_8x32x1_1x32x1x8_8_1x1_intrawave_v3,404.3,1189.99,0.0
gfx942,304,1856,7168,21504,ck,0,0,744.4218,a8w8_blockscale_1x128x128_256x128x128x128_16x16_32x32_2x2_8x32x1_8x32x1_1x32x1x8_8_1x1_intrawave_v3,768.61,296.42,0.0
gfx942,304,1920,7168,384,ck,0,0,24.841,a8w8_blockscale_1x128x128_256x128x128x128_16x16_32x32_2x2_8x32x1_8x32x1_1x32x1x8_8_1x1_intrawave_v3,425.49,1248.54,0.0
gfx942,304,1920,7168,21504,ck,0,0,684.2327,a8w8_blockscale_1x128x128_256x128x128x128_16x16_32x32_2x2_8x32x1_8x32x1_1x32x1x8_8_1x1_intrawave_v3,865.06,325.84,0.0
gfx942,304,1984,7168,384,ck,0,0,26.9081,a8w8_blockscale_1x128x128_256x128x128x128_16x16_32x32_2x2_8x32x1_8x32x1_1x32x1x8_8_1x1_intrawave_v3,405.9,1187.63,0.0
gfx942,304,1984,7168,21504,ck,0,0,748.1239,a8w8_blockscale_1x128x128_256x128x128x128_16x16_32x32_2x2_8x32x1_8x32x1_1x32x1x8_8_1x1_intrawave_v3,817.55,301.08,0.0
gfx942,304,2048,7168,384,ck,0,0,27.4317,a8w8_blockscale_1x128x128_256x128x128x128_16x16_32x32_2x2_8x32x1_8x32x1_1x32x1x8_8_1x1_intrawave_v3,410.99,1199.31,0.0
gfx942,304,2048,7168,21504,ck,0,0,712.2086,a8w8_blockscale_1x128x128_256x128x128x128_16x16_32x32_2x2_8x32x1_8x32x1_1x32x1x8_8_1x1_intrawave_v3,886.48,319.49,0.0
gfx942,304,4096,7168,384,ck,0,0,49.3182,a8w8_blockscale_1x128x128_256x128x128x128_16x16_32x32_2x2_8x32x1_8x32x1_1x32x1x8_8_1x1_intrawave_v3,457.21,1278.34,0.0
gfx942,304,4096,7168,21504,ck,0,0,1429.1287,a8w8_blockscale_1x128x128_256x128x128x128_16x16_32x32_2x2_8x32x1_8x32x1_1x32x1x8_8_1x1_intrawave_v3,883.56,210.58,0.0
gfx942,304,6144,7168,384,ck,0,0,69.3202,a8w8_blockscale_1x128x128_256x128x128x128_16x16_32x32_2x2_8x32x1_8x32x1_1x32x1x8_8_1x1_intrawave_v3,487.92,1344.37,0.0
gfx942,304,6144,7168,21504,ck,0,0,2125.405,a8w8_blockscale_1x128x128_256x128x128x128_16x16_32x32_2x2_8x32x1_8x32x1_1x32x1x8_8_1x1_intrawave_v3,891.16,176.13,0.0
gfx942,304,8192,7168,384,ck,0,0,93.7811,a8w8_blockscale_1x128x128_256x128x128x128_16x16_32x32_2x2_8x32x1_8x32x1_1x32x1x8_8_1x1_intrawave_v3,480.88,1315.18,0.0
gfx942,304,8192,7168,21504,ck,0,0,2907.7772,a8w8_blockscale_1x128x128_256x128x128x128_16x16_32x32_2x2_8x32x1_8x32x1_1x32x1x8_8_1x1_intrawave_v3,868.51,153.98,0.0
gfx942,304,10240,7168,384,ck,0,0,112.4184,a8w8_blockscale_1x128x128_256x128x128x128_16x16_32x32_2x2_8x32x1_8x32x1_1x32x1x8_8_1x1_intrawave_v3,501.44,1365.3,0.0
gfx942,304,10240,7168,21504,ck,0,0,3612.3712,a8w8_blockscale_1x128x128_256x128x128x128_16x16_32x32_2x2_8x32x1_8x32x1_1x32x1x8_8_1x1_intrawave_v3,873.89,144.27,0.0
gfx942,304,12288,7168,21504,ck,0,0,4351.9563,a8w8_blockscale_1x128x128_256x128x128x128_16x16_32x32_2x2_8x32x1_8x32x1_1x32x1x8_8_1x1_intrawave_v3,870.45,136.62,0.0
gfx942,304,14336,7168,21504,ck,0,0,5116.9377,a8w8_blockscale_1x128x128_256x128x128x128_16x16_32x32_2x2_8x32x1_8x32x1_1x32x1x8_8_1x1_intrawave_v3,863.7,130.54,0.0
gfx942,304,16384,7168,21504,ck,0,0,5900.3443,a8w8_blockscale_1x128x128_256x128x128x128_16x16_32x32_2x2_8x32x1_8x32x1_1x32x1x8_8_1x1_intrawave_v3,856.03,125.64,0.0
gfx942,304,32768,7168,21504,ck,0,0,12014.1261,a8w8_blockscale_1x128x128_256x128x128x128_16x16_32x32_2x2_8x32x1_8x32x1_1x32x1x8_8_1x1_intrawave_v3,840.82,110.58,0.0
