tile_m,tile_n,b_intype,a_preshuffle,cluster_x,cluster_y,outtype,splitk,knl_name,co_name
256,256,mxfp8,1,4,4,bf16,1,_ZN5aiter48f8gemm_bf16_mxfp8fp8_ABpreShuffle_256x256_4x4_psE,f8gemm_bf16_mxfp8fp8_ABpreShuffle_256x256_4x4_ps.co
256,256,mxfp8,0,4,4,bf16,1,_ZN5aiter47f8gemm_bf16_mxfp8fp8_BpreShuffle_256x256_4x4_psE,f8gemm_bf16_mxfp8fp8_BpreShuffle_256x256_4x4_ps.co
256,256,mxfp4,1,4,4,bf16,1,_ZN5aiter48f8gemm_bf16_mxfp8fp4_ABpreShuffle_256x256_4x4_psE,f8gemm_bf16_mxfp8fp4_ABpreShuffle_256x256_4x4_ps.co
256,256,mxfp4,0,4,4,bf16,1,_ZN5aiter47f8gemm_bf16_mxfp8fp4_BpreShuffle_256x256_4x4_psE,f8gemm_bf16_mxfp8fp4_BpreShuffle_256x256_4x4_ps.co
256,256,mxfp8,1,2,4,bf16,1,_ZN5aiter48f8gemm_bf16_mxfp8fp8_ABpreShuffle_256x256_2x4_psE,f8gemm_bf16_mxfp8fp8_ABpreShuffle_256x256_2x4_ps.co
256,256,mxfp8,0,2,4,bf16,1,_ZN5aiter47f8gemm_bf16_mxfp8fp8_BpreShuffle_256x256_2x4_psE,f8gemm_bf16_mxfp8fp8_BpreShuffle_256x256_2x4_ps.co
256,256,mxfp4,1,2,4,bf16,1,_ZN5aiter48f8gemm_bf16_mxfp8fp4_ABpreShuffle_256x256_2x4_psE,f8gemm_bf16_mxfp8fp4_ABpreShuffle_256x256_2x4_ps.co
256,256,mxfp4,0,2,4,bf16,1,_ZN5aiter47f8gemm_bf16_mxfp8fp4_BpreShuffle_256x256_2x4_psE,f8gemm_bf16_mxfp8fp4_BpreShuffle_256x256_2x4_ps.co
256,256,mxfp8,1,4,2,bf16,1,_ZN5aiter48f8gemm_bf16_mxfp8fp8_ABpreShuffle_256x256_4x2_psE,f8gemm_bf16_mxfp8fp8_ABpreShuffle_256x256_4x2_ps.co
256,256,mxfp8,0,4,2,bf16,1,_ZN5aiter47f8gemm_bf16_mxfp8fp8_BpreShuffle_256x256_4x2_psE,f8gemm_bf16_mxfp8fp8_BpreShuffle_256x256_4x2_ps.co
256,256,mxfp4,1,4,2,bf16,1,_ZN5aiter48f8gemm_bf16_mxfp8fp4_ABpreShuffle_256x256_4x2_psE,f8gemm_bf16_mxfp8fp4_ABpreShuffle_256x256_4x2_ps.co
256,256,mxfp4,0,4,2,bf16,1,_ZN5aiter47f8gemm_bf16_mxfp8fp4_BpreShuffle_256x256_4x2_psE,f8gemm_bf16_mxfp8fp4_BpreShuffle_256x256_4x2_ps.co
256,256,mxfp8,1,2,2,bf16,1,_ZN5aiter48f8gemm_bf16_mxfp8fp8_ABpreShuffle_256x256_2x2_psE,f8gemm_bf16_mxfp8fp8_ABpreShuffle_256x256_2x2_ps.co
256,256,mxfp8,0,2,2,bf16,1,_ZN5aiter47f8gemm_bf16_mxfp8fp8_BpreShuffle_256x256_2x2_psE,f8gemm_bf16_mxfp8fp8_BpreShuffle_256x256_2x2_ps.co
256,256,mxfp4,1,2,2,bf16,1,_ZN5aiter48f8gemm_bf16_mxfp8fp4_ABpreShuffle_256x256_2x2_psE,f8gemm_bf16_mxfp8fp4_ABpreShuffle_256x256_2x2_ps.co
256,256,mxfp4,0,2,2,bf16,1,_ZN5aiter47f8gemm_bf16_mxfp8fp4_BpreShuffle_256x256_2x2_psE,f8gemm_bf16_mxfp8fp4_BpreShuffle_256x256_2x2_ps.co
256,256,mxfp8,1,1,1,bf16,1,_ZN5aiter48f8gemm_bf16_mxfp8fp8_ABpreShuffle_256x256_1x1_psE,f8gemm_bf16_mxfp8fp8_ABpreShuffle_256x256_1x1_ps.co
256,256,mxfp8,0,1,1,bf16,1,_ZN5aiter47f8gemm_bf16_mxfp8fp8_BpreShuffle_256x256_1x1_psE,f8gemm_bf16_mxfp8fp8_BpreShuffle_256x256_1x1_ps.co
256,256,mxfp4,1,1,1,bf16,1,_ZN5aiter48f8gemm_bf16_mxfp8fp4_ABpreShuffle_256x256_1x1_psE,f8gemm_bf16_mxfp8fp4_ABpreShuffle_256x256_1x1_ps.co
256,256,mxfp4,0,1,1,bf16,1,_ZN5aiter47f8gemm_bf16_mxfp8fp4_BpreShuffle_256x256_1x1_psE,f8gemm_bf16_mxfp8fp4_BpreShuffle_256x256_1x1_ps.co
64,512,mxfp8,1,4,1,bf16,0,_ZN5aiter47f8gemm_bf16_mxfp8fp8_ABpreShuffle_64x512_4x1_psE,f8gemm_bf16_mxfp8fp8_ABpreShuffle_64x512_4x1_ps.co
64,512,mxfp8,0,4,1,bf16,0,_ZN5aiter46f8gemm_bf16_mxfp8fp8_BpreShuffle_64x512_4x1_psE,f8gemm_bf16_mxfp8fp8_BpreShuffle_64x512_4x1_ps.co
64,512,mxfp4,1,4,1,bf16,0,_ZN5aiter47f8gemm_bf16_mxfp8fp4_ABpreShuffle_64x512_4x1_psE,f8gemm_bf16_mxfp8fp4_ABpreShuffle_64x512_4x1_ps.co
64,512,mxfp4,0,4,1,bf16,0,_ZN5aiter46f8gemm_bf16_mxfp8fp4_BpreShuffle_64x512_4x1_psE,f8gemm_bf16_mxfp8fp4_BpreShuffle_64x512_4x1_ps.co
64,512,mxfp8,1,2,1,bf16,0,_ZN5aiter47f8gemm_bf16_mxfp8fp8_ABpreShuffle_64x512_2x1_psE,f8gemm_bf16_mxfp8fp8_ABpreShuffle_64x512_2x1_ps.co
64,512,mxfp8,0,2,1,bf16,0,_ZN5aiter46f8gemm_bf16_mxfp8fp8_BpreShuffle_64x512_2x1_psE,f8gemm_bf16_mxfp8fp8_BpreShuffle_64x512_2x1_ps.co
64,512,mxfp4,1,2,1,bf16,0,_ZN5aiter47f8gemm_bf16_mxfp8fp4_ABpreShuffle_64x512_2x1_psE,f8gemm_bf16_mxfp8fp4_ABpreShuffle_64x512_2x1_ps.co
64,512,mxfp4,0,2,1,bf16,0,_ZN5aiter46f8gemm_bf16_mxfp8fp4_BpreShuffle_64x512_2x1_psE,f8gemm_bf16_mxfp8fp4_BpreShuffle_64x512_2x1_ps.co
64,512,mxfp8,1,1,1,bf16,0,_ZN5aiter47f8gemm_bf16_mxfp8fp8_ABpreShuffle_64x512_1x1_psE,f8gemm_bf16_mxfp8fp8_ABpreShuffle_64x512_1x1_ps.co
64,512,mxfp8,0,1,1,bf16,0,_ZN5aiter46f8gemm_bf16_mxfp8fp8_BpreShuffle_64x512_1x1_psE,f8gemm_bf16_mxfp8fp8_BpreShuffle_64x512_1x1_ps.co
64,512,mxfp4,1,1,1,bf16,0,_ZN5aiter47f8gemm_bf16_mxfp8fp4_ABpreShuffle_64x512_1x1_psE,f8gemm_bf16_mxfp8fp4_ABpreShuffle_64x512_1x1_ps.co
64,512,mxfp4,0,1,1,bf16,0,_ZN5aiter46f8gemm_bf16_mxfp8fp4_BpreShuffle_64x512_1x1_psE,f8gemm_bf16_mxfp8fp4_BpreShuffle_64x512_1x1_ps.co
16,512,mxfp4,0,4,1,bf16,0,_ZN5aiter46f8gemm_bf16_mxfp8fp4_BpreShuffle_16x512_4x1_psE,f8gemm_bf16_mxfp8fp4_BpreShuffle_16x512_4x1_ps.co
16,512,mxfp4,0,2,1,bf16,0,_ZN5aiter46f8gemm_bf16_mxfp8fp4_BpreShuffle_16x512_2x1_psE,f8gemm_bf16_mxfp8fp4_BpreShuffle_16x512_2x1_ps.co
16,512,mxfp4,0,1,1,bf16,0,_ZN5aiter46f8gemm_bf16_mxfp8fp4_BpreShuffle_16x512_1x1_psE,f8gemm_bf16_mxfp8fp4_BpreShuffle_16x512_1x1_ps.co
